,GSM1657871,GSM1657872,GSM1657873,GSM1657874,GSM1657875,GSM1657876,GSM1657877,GSM1657878,GSM1657879,GSM1657880,GSM1657881,GSM1657882,GSM1657883,GSM1657884,GSM1657885,GSM1657886,GSM1657887,GSM1657888,GSM1657889,GSM1657890,GSM1657891,GSM1657892,GSM1657893,GSM1657894,GSM1657895,GSM1657896,GSM1657897,GSM1657898,GSM1657899,GSM1657900,GSM1657901,GSM1657902,GSM1657903,GSM1657904,GSM1657905,GSM1657906,GSM1657907,GSM1657908,GSM1657909,GSM1657910,GSM1657911,GSM1657912,GSM1657913,GSM1657914,GSM1657915,GSM1657916,GSM1657917,GSM1657918,GSM1657919,GSM1657920,GSM1657921,GSM1657922,GSM1657923,GSM1657924,GSM1657925,GSM1657926,GSM1657927,GSM1657928,GSM1657929,GSM1657930,GSM1657931,GSM1657932,GSM1657933,GSM1657934,GSM1657935,GSM1657936,GSM1657937,GSM1657938,GSM1657939,GSM1657940,GSM1657941,GSM1657942,GSM1657943,GSM1657944,GSM1657945,GSM1657946,GSM1657947,GSM1657948,GSM1657949,GSM1657950,GSM1657951,GSM1657952,GSM1657953,GSM1657954,GSM1657955,GSM1657956,GSM1657957,GSM1657958,GSM1657959,GSM1657960,GSM1657961,GSM1657962,GSM1657963,GSM1657964,GSM1657965,GSM1657966,GSM1657967,GSM1657968,GSM1657969,GSM1657970,GSM1657971,GSM1657972,GSM1657973,GSM1657974,GSM1657975,GSM1657976,GSM1657977,GSM1657978,GSM1657979,GSM1657980,GSM1657981,GSM1657982,GSM1657983,GSM1657984,GSM1657985,GSM1657986,GSM1657987,GSM1657988,GSM1657989,GSM1657990,GSM1657991,GSM1657992,GSM1657993,GSM1657994,GSM1657995,GSM1657996,GSM1657997,GSM1657998,GSM1657999,GSM1658000,GSM1658001,GSM1658002,GSM1658003,GSM1658004,GSM1658005,GSM1658006,GSM1658007,GSM1658008,GSM1658009,GSM1658010,GSM1658011,GSM1658012,GSM1658013,GSM1658014,GSM1658015,GSM1658016,GSM1658017,GSM1658018,GSM1658019,GSM1658020,GSM1658021,GSM1658022,GSM1658023,GSM1658024,GSM1658025,GSM1658026,GSM1658027,GSM1658028,GSM1658029,GSM1658030,GSM1658031,GSM1658032,GSM1658033,GSM1658034,GSM1658035,GSM1658036,GSM1658037,GSM1658038,GSM1658039,GSM1658040,GSM1658041,GSM1658042,GSM1658043,GSM1658044,GSM1658045,GSM1658046,GSM1658047,GSM1658048,GSM1658049,GSM1658050,GSM1658051,GSM1658052,GSM1658053,GSM1658054,GSM1658055,GSM1658056,GSM1658057,GSM1658058,GSM1658059,GSM1658060,GSM1658061,GSM1658062,GSM1658063,GSM1658064,GSM1658065,GSM1658066,GSM1658067,GSM1658068,GSM1658069,GSM1658070,GSM1658071,GSM1658072,GSM1658073,GSM1658074,GSM1658075,GSM1658076,GSM1658077,GSM1658078,GSM1658079,GSM1658080,GSM1658081,GSM1658082,GSM1658083,GSM1658084,GSM1658085,GSM1658086,GSM1658087,GSM1658088,GSM1658089,GSM1658090,GSM1658091,GSM1658092,GSM1658093,GSM1658094,GSM1658095,GSM1658096,GSM1658097,GSM1658098,GSM1658099,GSM1658100,GSM1658101,GSM1658102,GSM1658103,GSM1658104,GSM1658105,GSM1658106,GSM1658107,GSM1658108,GSM1658109,GSM1658110,GSM1658111,GSM1658112,GSM1658113,GSM1658114,GSM1658115,GSM1658116,GSM1658117,GSM1658118,GSM1658119,GSM1658120,GSM1658121,GSM1658122,GSM1658123,GSM1658124,GSM1658125,GSM1658126,GSM1658127,GSM1658128,GSM1658129,GSM1658130,GSM1658131,GSM1658132,GSM1658133,GSM1658134,GSM1658135,GSM1658136,GSM1658137,GSM1658138,GSM1658139,GSM1658140,GSM1658141,GSM1658142,GSM1658143,GSM1658144,GSM1658145,GSM1658146,GSM1658147,GSM1658148,GSM1658149,GSM1658150,GSM1658151,GSM1658152,GSM1658153,GSM1658154,GSM1658155,GSM1658156,GSM1658157,GSM1658158,GSM1658159,GSM1658160,GSM1658161,GSM1658162,GSM1658163,GSM1658164,GSM1658165,GSM1658166,GSM1658167,GSM1658168,GSM1658169,GSM1658170,GSM1658171,GSM1658172,GSM1658173,GSM1658174,GSM1658175,GSM1658176,GSM1658177,GSM1658178,GSM1658179,GSM1658180,GSM1658181,GSM1658182,GSM1658183,GSM1658184,GSM1658185,GSM1658186,GSM1658187,GSM1658188,GSM1658189,GSM1658190,GSM1658191,GSM1658192,GSM1658193,GSM1658194,GSM1658195,GSM1658196,GSM1658197,GSM1658198,GSM1658199,GSM1658200,GSM1658201,GSM1658202,GSM1658203,GSM1658204,GSM1658205,GSM1658206,GSM1658207,GSM1658208,GSM1658209,GSM1658210,GSM1658211,GSM1658212,GSM1658213,GSM1658214,GSM1658215,GSM1658216,GSM1658217,GSM1658218,GSM1658219,GSM1658220,GSM1658221,GSM1658222,GSM1658223,GSM1658224,GSM1658225,GSM1658226,GSM1658227,GSM1658228,GSM1658229,GSM1658230,GSM1658231,GSM1658232,GSM1658233,GSM1658234,GSM1658235,GSM1658236,GSM1658237,GSM1658238,GSM1658239,GSM1658240,GSM1658241,GSM1658242,GSM1658243,GSM1658244,GSM1658245,GSM1658246,GSM1658247,GSM1658248,GSM1658249,GSM1658251,GSM1658253,GSM1658255,GSM1658257,GSM1658259,GSM1658262,GSM1658264,GSM1658266,GSM1658268,GSM1658270,GSM1658272,GSM1658275,GSM1658277,GSM1658279,GSM1658281,GSM1658284,GSM1658286,GSM1658288,GSM1658290,GSM1658292,GSM1658294,GSM1658297,GSM1658299,GSM1658301,GSM1658304,GSM1658305,GSM1658306,GSM1658307,GSM1658308,GSM1658309,GSM1658310,GSM1658311,GSM1658312,GSM1658313,GSM1658314,GSM1658315,GSM1658316,GSM1658317,GSM1658318,GSM1658319,GSM1658320,GSM1658321,GSM1658322,GSM1658323,GSM1658324,GSM1658325,GSM1658326,GSM1658327,GSM1658328,GSM1658329,GSM1658330,GSM1658331,GSM1658332,GSM1658333,GSM1658334,GSM1658335,GSM1658336,GSM1658337,GSM1658338,GSM1658339,GSM1658340,GSM1658341,GSM1658342,GSM1658343,GSM1658344,GSM1658345,GSM1658346,GSM1658347,GSM1658348,GSM1658349,GSM1658350,GSM1658351,GSM1658352,GSM1658353,GSM1658354,GSM1658355,GSM1658356,GSM1658357,GSM1658358,GSM1658359,GSM1658360,GSM1658361,GSM1658362,GSM1658363,GSM1658364,GSM1658365,GSM1658366
ACSBG1,0,0,1,0,0,1,0,0,0,0,0,0,0,0,0,0,0,0,0,0,0,0,0,0,0,0,0,0,0,0,0,0,0,0,0,0,0,0,0,0,0,0,0,0,0,0,0,0,0,0,0,0,0,0,0,0,0,0,0,0,0,318,1,0,0,0,0,3,0,0,0,0,0,6,0,0,46,0,0,0,0,0,0,0,0,0,0,0,0,0,0,0,0,0,41,0,0,0,27,0,0,0,0,0,1616,3,0,0,265,0,563,0,0,0,0,0,0,0,0,0,0,69,0,0,0,0,0,56,0,7,0,0,0,0,0,537,1,0,0,265,0,0,0,0,2,1,272,0,3,1070,28,3,0,0,0,34,54,283,1,0,3,0,15,22,0,0,0,0,0,0,0,0,929,0,34,0,110,16,99,255,121,9,2,458,0,32,0,0,20,8,62,225,103,251,152,0,65,549,4,2,918,967,565,683,345,1,1,292,187,8,1213,1,0,0,0,0,0,0,0,0,0,0,0,0,0,0,0,0,0,0,0,0,0,0,0,0,0,0,0,0,0,0,0,0,0,0,0,0,0,0,0,0,0,0,0,0,0,0,0,0,0,0,0,0,0,0,0,0,0,0,0,44,0,0,0,0,0,0,0,0,0,0,0,0,0,0,1,0,0,0,0,0,0,0,0,0,0,35,0,0,0,0,0,58,0,0,0,0,0,0,2,0,0,71,87,0,351,0,0,80,338,0,149,0,0,0,0,0,255,0,29,0,0,0,0,0,0,0,0,0,0,0,4,0,0,0,0,0,0,0,0,0,0,0,0,0,0,0,0,0,1,0,0,0,0,0,0,0,0,0,0,0,0,7,0,0,0,0,0,0,0,0,0,0,0,0,0,0,0,0,0,0,0,0,0,0,0,0,0,0,0,0,0,0,0,0,0,0,0,0,0,0,0,0,0,0,0,0,0,0,0,0,0,0,0,0,0,0,0,0,0,0,0,0,0,0,0,0,0,0,0,0,0,0,0,0,4,0,0,0,0,0,0,0,0,0,0,319,0,0,0,0,0,0,0,0
AGXT2L1,0,0,0,0,0,21,0,0,0,0,0,0,0,0,506,0,0,0,0,0,0,0,0,0,0,0,0,0,0,0,0,0,0,0,0,0,0,0,0,0,0,0,0,0,0,0,0,0,0,0,1,0,1,0,0,0,0,0,0,26,1,1925,201,0,4,32,0,1362,0,0,0,0,0,0,0,0,8,1,0,0,0,0,0,0,0,0,0,0,0,0,0,0,0,0,2140,0,0,0,751,11,0,0,0,0,466,1,0,0,3511,1,845,0,0,0,0,0,0,0,47,1,0,164,0,0,0,86,0,631,0,531,0,1,0,0,0,1586,3210,366,6,1054,999,0,447,8,1010,2745,1710,19,774,1285,1154,1006,8,443,31,2539,2363,18,2827,24,1571,4,42,445,7,13,3,7,13,2,2,2,5046,12,2482,0,46,1744,1007,4826,1504,15,1005,1121,19,2129,359,4,3379,967,1732,35,446,1416,5840,484,1893,1330,4350,1142,4707,1421,2909,1004,2025,92,118,2281,4009,7,1259,1982,0,0,0,1,0,0,232,0,0,0,0,0,0,0,0,0,0,0,0,0,0,0,0,0,0,0,0,0,0,0,0,0,0,0,265,0,0,0,0,1,0,0,0,0,0,0,0,0,0,0,0,0,0,0,0,0,0,0,0,464,0,0,0,0,0,0,0,0,0,0,0,0,0,0,0,0,0,0,0,0,0,0,0,0,0,862,0,0,0,0,0,1851,0,0,0,0,0,0,0,0,0,776,25,20,529,0,0,326,18,0,8,0,1,1,0,0,280,0,611,1563,0,0,0,0,0,1,0,0,0,0,0,0,0,0,0,1,0,0,0,0,0,0,0,0,0,0,0,0,0,0,0,0,0,0,0,0,0,0,0,0,0,0,0,0,0,0,0,0,0,0,0,0,0,0,0,0,0,0,0,0,0,0,0,0,0,0,0,0,0,0,0,0,0,0,0,0,0,0,0,0,0,0,0,0,0,0,0,0,0,0,0,0,0,0,0,0,0,0,0,0,0,0,0,0,0,0,0,0,0,0,0,0,0,0,0,0,0,0,0,0,0,0,0,0,0,0,0,0,0,0,0,0,0,0
APOE,0,0,0,0,0,0,0,0,0,0,0,0,0,0,0,0,0,0,0,0,0,0,0,0,0,0,0,0,0,0,0,0,0,0,0,0,0,0,0,0,0,0,0,0,0,0,1,0,0,0,0,0,0,1,0,0,0,0,22,0,0,152,1,0,1,8,0,8,1,0,0,1,0,0,0,0,1,0,0,0,0,0,0,0,0,0,0,0,0,0,0,0,0,0,115,0,0,0,37,0,0,0,0,0,83,0,0,0,749,0,155,0,0,0,0,0,0,0,0,0,0,0,0,0,0,12,0,0,0,6,0,0,0,0,0,197,121,0,1,115,86,0,0,0,1,107,75,3,8,1,5,24,2,5,0,0,22,0,25,1,2,0,4,1,0,0,0,0,0,0,0,0,124,0,26,0,1,78,30,3,134,1,1,130,4,6,3,0,97,19,1,4,21,43,54,3,0,2,3,57,13,0,56,44,56,2,1,79,60,0,137,65,0,1,0,0,0,0,4,0,0,0,0,0,0,0,0,0,0,0,0,0,0,0,0,0,0,0,0,0,0,0,0,0,0,0,0,0,0,0,0,0,0,0,0,0,0,0,0,0,0,0,0,0,3,0,0,0,0,0,0,0,0,0,0,0,0,0,0,0,0,0,0,0,0,0,0,0,0,0,0,0,0,0,0,0,0,185,0,0,0,0,0,27,0,0,0,0,0,0,0,2,0,146,0,0,103,0,2,0,2,0,14,0,0,0,0,0,2,0,177,3,0,0,0,0,0,0,0,0,0,0,8,0,0,0,0,0,0,0,0,0,0,0,0,0,0,0,0,0,0,0,0,0,0,0,0,0,0,0,0,0,0,0,0,0,0,0,0,0,0,0,0,0,0,0,0,0,0,0,0,0,0,0,0,0,0,0,0,0,0,0,0,0,0,0,0,0,0,0,0,0,0,0,0,0,0,0,0,0,0,0,0,0,0,0,0,0,0,0,0,0,0,0,0,0,0,0,0,0,0,0,0,0,0,0,0,0,0,0,0,0,0,0,0,0,0,0,0,0,0,0,0,0,0,0
APOLD1,0,0,0,0,0,0,0,0,0,0,0,0,0,0,0,0,0,0,0,0,0,0,0,0,0,0,0,0,0,0,73,0,0,0,0,6,0,0,0,0,0,0,0,0,0,0,0,0,0,0,0,0,0,0,1,0,0,0,0,0,0,1,0,0,0,0,0,0,0,0,0,0,0,0,0,0,0,0,0,0,0,0,0,0,0,0,0,0,0,2,0,0,0,0,0,0,0,0,0,0,0,8941,0,1,0,2,0,0,0,0,0,0,0,0,0,0,0,2,0,0,0,0,1865,0,2186,0,0,0,0,0,0,0,0,1,0,0,0,0,0,0,0,0,0,0,0,0,0,0,0,0,0,0,1,0,0,0,0,0,0,0,0,0,0,8,0,0,0,0,0,0,0,1,0,0,3,0,0,0,0,11,0,0,0,1,0,0,0,1,0,0,0,0,0,0,0,0,0,0,0,0,0,0,0,2,0,0,0,0,0,0,0,0,0,0,1166,24,0,0,337,0,0,4653,0,6136,0,19,0,233,2515,1408,37,3212,0,0,0,0,0,910,87,0,0,1618,0,0,0,0,854,0,0,0,0,695,0,0,0,24,0,0,0,0,0,0,0,0,3,0,0,0,0,0,0,0,0,0,0,0,1,0,0,0,0,0,0,0,0,0,0,0,0,0,0,0,0,0,0,0,0,0,0,0,0,0,0,0,2,0,0,0,0,0,0,0,0,17,0,18,0,0,0,0,0,0,0,0,0,0,0,0,0,0,0,0,0,0,0,2,0,0,0,0,0,0,0,0,11,0,0,0,0,0,0,3,0,2,0,0,0,0,0,0,0,0,0,0,0,0,0,0,0,0,0,0,0,0,0,0,0,0,0,0,0,58,0,0,0,0,0,0,0,0,0,0,0,0,0,0,0,119,0,0,0,0,0,0,0,0,0,0,0,0,0,1,0,0,0,0,0,0,0,0,0,0,0,0,0,0,0,0,0,0,0,0,0,0,0,0,0,0,0,0,0,0,0,0,0,1,0,0,0,0,0,0,0,0,0,0,0,0,0,0,0,0,0,0,0,0
AURKB,0,0,0,0,0,0,0,0,0,0,0,0,0,0,0,0,0,0,0,0,0,0,0,0,0,0,0,0,0,0,0,0,0,0,0,0,0,0,0,0,0,0,0,0,0,0,0,0,0,0,0,0,0,0,0,0,0,0,0,0,0,0,0,0,0,0,0,0,0,0,0,0,0,0,0,0,0,0,0,0,0,0,0,0,0,0,0,0,0,0,0,0,0,0,0,0,0,0,0,0,0,0,0,0,0,1,0,0,0,0,0,0,0,0,0,0,8,0,0,0,0,0,0,0,0,0,0,0,0,0,0,0,0,0,0,0,0,0,0,0,0,0,0,0,0,0,0,0,0,0,0,0,0,0,0,0,0,0,0,0,0,0,0,0,0,0,0,0,0,0,0,0,0,0,0,0,0,0,0,0,0,0,0,0,0,0,0,0,0,0,0,0,0,0,0,0,0,0,0,0,0,0,0,0,0,0,0,0,0,0,0,0,0,0,0,0,0,0,0,0,0,0,0,0,0,0,0,0,0,0,0,0,0,0,0,0,0,0,0,0,0,0,0,0,0,0,0,0,0,0,0,0,0,0,0,0,0,0,0,0,0,0,0,0,0,0,0,0,0,0,0,0,0,0,0,0,0,0,0,0,0,0,0,0,0,0,0,0,0,0,0,0,0,0,0,0,0,0,0,0,0,0,0,0,0,0,0,0,0,0,0,0,0,0,0,0,0,0,0,0,0,0,0,0,0,0,0,0,0,0,0,0,0,0,0,20,0,0,0,76,0,0,0,0,855,0,0,105,327,0,0,0,0,13,0,0,0,0,0,0,0,0,0,0,0,0,0,0,0,0,0,18,0,0,0,0,0,0,0,0,0,0,0,0,0,0,0,0,0,0,0,0,0,0,0,0,0,0,0,0,0,0,0,162,0,0,0,0,0,0,0,0,0,0,0,0,0,0,0,0,0,0,0,0,0,0,0,0,0,0,0,0,0,0,0,0,0,0,0,0,0,0,0,0,0,0,869,0,0,0,0,0,0,0,187,0,0,0,0,0,0,0,0,0,0,0
B3GNT7,6,0,86,0,0,98,0,0,0,0,0,0,1,0,0,0,0,0,0,0,0,0,140,0,0,0,0,0,0,0,0,0,5,126,0,139,139,460,71,0,27,16,55,1,5,127,29,521,0,0,61,104,0,43,0,0,0,96,0,0,0,0,0,0,0,0,0,0,0,0,0,0,0,142,0,0,0,2,0,0,0,0,0,0,0,0,0,0,0,0,0,22,0,0,0,0,0,0,0,0,0,0,0,0,0,2,0,0,0,0,0,0,0,0,0,0,0,0,0,0,0,0,0,0,0,0,0,0,0,0,0,0,0,271,0,0,0,0,0,0,0,0,0,0,0,0,0,0,0,0,0,0,0,0,0,0,0,0,0,0,0,0,0,0,0,0,0,0,0,0,0,0,0,0,0,146,0,0,0,0,0,0,0,0,0,0,0,0,0,0,0,0,0,0,0,0,0,0,0,0,0,0,0,0,80,0,0,0,0,0,0,0,0,0,0,0,0,0,0,0,1,0,0,0,0,0,0,0,0,0,0,0,2,0,0,0,0,0,12,0,0,0,0,0,0,0,0,0,0,35,0,0,0,22,0,0,0,0,0,0,638,1960,0,0,0,0,0,728,94,0,0,53,0,413,0,31,136,0,0,696,0,76,0,309,0,430,0,0,0,36,1383,0,0,0,513,0,0,0,0,0,0,0,0,0,0,0,0,820,327,0,0,650,1319,0,0,0,1,0,0,0,0,0,0,0,0,0,0,0,0,0,0,0,0,0,0,0,0,0,0,0,0,0,0,0,0,0,0,0,0,0,0,0,0,0,0,0,0,0,0,0,0,0,0,0,0,0,0,0,0,0,0,0,0,0,0,0,0,0,0,0,0,64,0,55,0,0,0,0,48,0,0,0,0,11,0,0,0,0,0,0,0,0,0,0,0,12,0,0,0,0,0,0,0,0,0,0,0,0,0,0,0,0,24,0,0,0,0,0,0,0,0,0,0,0,0,0,0,0,0,0,0,0,0,0,0,0,0,0,0,0,0,0,0,0,12,0,0,0,0,0,0,0,0,0,0,0
C1QA,0,0,0,0,0,0,0,0,0,0,0,0,0,0,0,0,0,0,0,0,0,0,0,0,0,0,0,0,0,0,0,0,5,0,0,0,0,0,0,0,0,0,1,0,0,0,0,0,3,7,0,0,0,4,2,2,17,0,0,0,0,0,0,71,0,0,0,0,0,0,0,0,0,0,0,0,0,0,0,0,0,0,0,0,0,0,0,0,0,0,0,0,0,0,0,0,0,0,0,0,0,0,0,0,0,4,0,0,0,0,0,0,0,0,0,0,0,0,0,0,0,0,0,7,0,41,3,0,98,0,0,0,0,0,0,0,0,0,0,0,0,0,0,0,0,0,0,0,0,0,0,0,0,0,0,0,0,0,0,0,0,0,0,0,0,0,0,0,0,0,0,0,0,0,0,0,0,0,0,0,0,0,0,0,0,0,0,0,0,0,0,0,0,0,0,0,0,0,0,0,0,0,0,0,0,0,319,0,0,0,0,0,0,0,0,0,0,0,0,0,0,0,0,0,0,0,0,0,0,0,0,0,0,0,0,0,0,0,0,0,0,0,0,0,0,3,0,0,0,0,0,0,0,0,0,0,0,0,0,0,0,0,0,0,0,0,0,0,0,0,0,0,0,0,0,0,0,1,0,0,0,0,0,0,0,0,0,0,1,0,0,0,0,0,0,0,0,0,0,0,0,0,0,0,0,0,0,0,0,0,0,0,0,0,0,0,0,417,286,0,0,0,0,0,0,336,0,0,0,0,0,0,0,0,0,0,0,0,0,0,0,0,0,0,0,0,0,0,0,0,0,0,0,0,0,0,0,1,0,0,0,0,0,0,0,0,0,0,0,0,0,0,0,0,0,0,0,0,0,0,0,0,0,0,0,0,0,0,0,0,0,0,0,0,0,0,0,0,0,0,0,0,0,0,0,0,0,0,0,0,0,0,0,0,0,0,0,0,0,0,0,0,0,0,0,0,0,0,0,0,0,0,0,0,0,0,0,0,0,0,0,0,0,0,0,0,0,0,0,0,0,0,0,0,0,0,0,0,0,0,0,0,0,0,0,0
C1QB,0,0,0,0,0,0,0,0,0,0,0,0,0,0,0,0,0,0,0,0,0,0,0,0,0,0,0,0,0,0,0,0,61,0,24,0,0,0,0,5,0,0,0,0,0,0,0,0,1,4,0,0,0,0,2,11,24,0,0,0,0,0,0,0,0,0,0,0,0,0,0,0,0,0,0,0,0,0,0,0,0,0,0,0,0,0,0,0,0,0,0,0,0,0,0,0,0,0,0,0,0,0,0,1,0,0,0,0,0,0,0,0,0,0,1,0,0,0,0,0,0,1,0,12,0,942,0,0,43,0,0,0,0,0,0,0,0,0,0,0,0,0,0,0,0,0,0,0,0,0,0,0,0,0,0,0,0,0,0,0,0,0,0,0,0,0,0,0,0,0,0,0,0,0,0,0,0,0,0,0,0,0,0,0,0,0,0,0,0,0,0,0,0,0,0,0,0,0,0,0,0,0,0,0,0,0,5,0,0,0,0,0,0,0,0,0,0,0,0,0,0,0,0,0,0,9,0,0,0,0,0,0,12,0,0,0,0,0,0,0,0,0,0,0,0,617,0,0,0,0,0,0,0,0,0,0,0,0,0,0,0,0,0,0,265,0,0,0,0,0,0,0,0,0,0,0,0,92,0,0,0,0,0,0,0,0,0,0,0,0,0,0,0,0,0,0,0,0,0,0,0,0,0,0,0,0,0,0,0,0,0,0,0,0,0,0,0,1621,174,0,0,0,0,0,0,145,0,0,0,0,1,0,0,0,0,0,0,0,1,0,0,0,1,0,0,0,0,0,0,0,0,0,0,0,0,0,0,0,0,0,0,0,0,0,0,0,0,0,0,0,0,0,0,0,0,0,0,0,0,0,0,0,0,0,0,0,0,0,0,0,0,0,0,0,0,0,0,0,0,0,0,0,0,0,0,0,0,0,0,0,0,0,0,0,0,0,0,0,0,0,0,0,0,0,0,0,0,0,0,0,0,0,0,0,0,0,0,0,0,0,0,0,0,0,0,0,0,0,0,0,0,0,0,0,0,0,0,0,0,0,0,0,0,0,0,0
C1QC,0,0,0,0,0,0,0,0,0,0,0,0,0,0,0,0,0,0,0,0,0,0,0,0,0,0,0,0,0,0,0,0,9,0,1,0,0,0,0,0,0,0,0,0,0,0,0,0,2,0,0,0,0,3,8,2,7,0,0,0,0,0,0,19,0,0,0,0,0,0,0,0,0,0,0,0,0,0,0,0,0,0,0,0,0,0,0,0,0,0,0,0,0,0,0,0,0,0,0,0,0,0,0,0,0,0,0,0,0,0,0,0,0,0,0,0,0,0,0,0,0,0,0,2,0,9,2,0,16,0,1,0,0,0,0,0,0,0,0,0,0,0,0,0,0,0,0,0,0,0,0,0,0,1,0,0,0,0,0,0,0,0,0,0,0,0,0,0,0,0,0,0,0,0,0,0,0,0,0,0,0,0,0,0,0,0,0,0,0,0,0,0,0,0,0,0,0,0,0,0,0,0,0,0,0,0,15,0,0,0,0,0,0,0,0,0,0,0,0,0,0,0,0,0,0,36,0,0,0,0,0,0,0,0,0,0,0,0,0,0,0,0,0,0,0,0,0,0,0,0,0,0,0,0,0,0,0,0,0,0,0,0,0,0,97,0,0,0,0,0,0,0,0,0,0,0,0,6,0,0,0,0,0,0,0,0,0,0,0,0,0,0,0,0,0,0,0,0,0,0,0,0,0,0,0,0,0,0,0,0,0,0,0,0,0,0,0,100,374,0,0,0,0,0,0,95,0,0,0,0,0,0,0,0,0,0,0,0,0,0,0,0,0,0,0,0,0,0,0,0,0,0,0,0,0,0,0,0,0,0,0,0,0,0,0,0,0,0,0,0,0,0,0,0,0,0,0,0,0,0,0,0,0,0,0,0,0,0,0,0,0,0,0,0,0,0,0,0,0,0,0,0,0,0,0,0,0,0,0,0,0,0,0,0,0,0,0,0,0,0,0,0,0,0,0,0,0,0,0,0,0,0,0,0,0,0,0,0,0,0,0,0,0,0,0,0,0,0,0,0,0,0,0,0,0,0,0,0,0,0,0,0,0,0,0,0
C3AR1,0,0,0,0,0,0,0,0,0,0,0,0,0,0,0,0,0,0,0,0,1,9,0,0,0,0,0,0,0,0,0,0,121,10,0,0,3,32,131,178,0,0,543,0,0,0,0,0,1587,86,0,265,103,229,227,2205,4008,0,0,0,0,0,0,0,0,0,0,0,0,0,0,0,0,0,0,0,0,0,0,0,0,0,0,0,0,0,0,0,0,0,0,0,0,0,0,0,0,0,0,0,0,0,0,1,0,0,0,0,0,0,0,0,0,0,0,0,0,0,0,0,0,0,0,203,0,139,1232,0,30,0,0,0,0,1,0,0,0,0,0,0,0,0,0,0,0,0,0,0,0,0,0,0,0,0,0,0,0,0,0,0,0,0,0,0,0,0,0,0,0,0,0,0,0,0,0,0,0,0,0,0,0,0,0,0,0,0,0,0,0,0,0,0,0,0,0,0,0,0,0,0,0,0,0,0,0,0,682,0,0,0,0,0,0,0,0,0,0,0,0,0,0,0,0,0,0,0,0,0,0,0,0,0,0,0,0,0,0,0,0,0,0,0,0,0,0,40,0,0,0,0,0,0,0,0,0,0,0,0,0,0,0,0,0,0,35,0,0,0,0,0,0,0,0,0,0,0,0,0,0,0,0,0,0,0,0,0,0,0,0,0,0,0,0,0,0,0,0,0,0,0,0,0,0,0,0,0,0,0,0,0,0,0,0,0,0,0,0,1798,472,0,0,0,0,0,0,0,0,0,0,0,0,0,0,0,0,0,0,0,0,0,0,0,0,0,0,0,0,0,0,0,0,0,0,0,0,0,0,0,0,1,0,0,0,0,0,0,0,0,0,0,0,0,0,0,0,0,0,0,0,0,0,0,0,0,0,0,0,0,0,0,0,0,0,0,0,0,0,0,0,0,0,0,0,0,0,0,0,0,0,0,0,0,0,0,0,0,0,0,0,0,0,0,0,0,0,0,0,0,0,0,0,0,0,0,0,0,0,0,0,0,0,0,0,0,0,0,0,0,0,0,0,0,0,0,0,0,0,0,0,0,0,0,0,0,0,0
CALCRL,0,0,0,0,0,9,0,0,0,0,0,0,2,0,0,0,0,0,0,0,0,0,78,0,0,0,1,0,0,0,0,7,4,217,0,107,362,2,0,1,2,0,32,7,16,12,39,174,0,0,0,0,0,0,0,0,0,0,0,0,0,0,0,0,0,0,0,0,0,0,0,0,0,0,0,263,0,0,0,0,0,0,0,0,0,0,0,0,0,0,0,0,0,0,11,0,0,0,0,0,0,0,0,0,0,0,0,0,0,0,0,0,0,0,0,0,0,0,0,0,0,0,0,0,5,0,0,0,0,0,0,0,0,14,0,0,0,0,0,0,0,0,0,0,0,0,0,0,0,0,0,0,0,0,0,0,0,0,0,0,0,17,0,0,0,0,0,0,0,0,0,0,0,0,0,0,0,0,0,0,0,0,0,0,0,0,0,0,0,0,0,0,0,0,0,0,0,0,0,0,0,0,0,0,0,0,0,0,0,0,0,0,0,0,0,0,0,0,0,0,0,0,0,453,0,0,0,0,0,115,0,0,0,0,0,0,0,0,0,0,0,12,0,0,0,0,0,0,0,0,14,0,0,0,0,419,0,0,0,0,0,424,0,0,0,0,1,14,0,0,0,0,0,0,0,0,0,0,0,5,0,0,0,0,0,72,0,0,0,0,0,0,0,1,0,0,0,0,124,0,0,0,0,0,0,0,0,0,345,0,0,21,118,0,0,0,0,0,0,0,0,0,0,0,0,0,0,0,0,0,0,0,0,0,0,0,0,0,0,0,0,0,0,0,0,0,0,0,0,0,0,0,0,0,0,0,0,0,0,0,0,0,0,0,0,0,0,0,0,0,0,0,0,0,0,0,0,0,0,0,0,0,0,0,0,0,0,0,0,0,0,0,0,0,0,0,0,0,0,0,0,0,0,0,0,0,0,0,0,0,0,0,0,0,0,0,0,0,0,0,0,0,0,0,0,0,0,0,0,0,0,0,0,0,0,0,0,0,12,0,0,0,0,0,0,0,0,0,0,0,0,0,0,0,76,0,0,0,0,0,0,0,0,0,0,0
CARNS1,12,0,44,0,0,0,7,1,5,45,43,0,0,0,2,1,2,0,4,18,32,0,5,12,2,1,14,0,17,33,33,3,0,0,0,0,0,0,0,0,0,4,0,0,0,0,7,0,0,0,0,0,22,0,0,0,0,0,0,0,0,0,0,0,0,0,0,0,0,0,0,0,0,97,0,0,0,0,0,1,0,0,1,0,0,0,1,0,0,0,0,0,0,0,0,0,0,0,0,0,0,0,0,0,0,0,0,0,0,0,0,0,0,0,0,0,0,0,0,0,0,0,0,0,0,0,0,0,0,0,0,0,0,0,0,0,0,371,0,0,0,0,0,0,0,0,0,77,0,0,0,0,1,0,0,0,0,0,0,21,0,0,0,0,0,0,0,0,0,0,0,0,0,0,0,0,0,0,0,0,0,0,0,0,0,0,0,0,0,0,0,0,0,0,0,0,0,0,0,0,0,0,0,0,0,0,0,0,0,0,0,0,0,1,244,0,0,93,0,0,30,0,26,0,0,0,184,0,0,0,0,0,0,0,0,0,1,0,94,0,0,142,0,0,0,0,0,0,83,95,0,0,263,280,0,0,0,0,0,608,26,1,187,0,8,0,0,0,0,25,0,25,0,26,0,0,0,0,0,0,3,0,0,0,682,0,85,0,368,0,0,1214,0,125,0,0,65,0,0,0,0,0,339,20,0,0,0,0,66,73,0,0,0,0,0,0,0,0,0,0,0,0,0,0,0,0,0,0,0,0,0,0,0,0,0,0,0,0,0,0,0,0,0,0,0,0,0,0,0,0,0,0,0,0,0,0,0,0,0,0,0,0,0,0,0,0,0,0,0,0,0,0,0,0,0,0,0,0,0,0,0,0,0,0,0,0,0,0,0,0,0,0,0,0,0,0,0,0,1,1,0,0,0,0,0,0,0,0,0,0,0,0,0,0,0,0,0,0,0,0,0,0,0,0,0,0,0,0,0,0,0,0,0,0,0,0,0,0,12,0,0,0,0,0,0,0,0,0,0,0,0,0,0,0,0,0,0,0,0,0,0,0,0,0,0,1
CCK,0,39,0,59,5,1,0,0,175,4,0,16,70,11,0,60,78,32,3,0,49,0,0,0,556,134,0,905,0,0,0,0,0,0,2,0,0,0,0,0,0,32,0,0,0,0,0,0,0,0,0,0,0,0,0,0,0,0,307,11,0,0,10,0,737,0,150,0,181,163,7,112,469,10,44,0,148,80,432,0,0,7,1,283,389,269,115,1848,0,192,40,423,609,132,0,0,2901,77,183,0,999,0,0,1,2,60,3931,52,1,1087,0,13,788,173,0,1459,1505,319,1,1004,665,0,0,0,0,0,0,0,0,0,38,0,0,0,875,0,5,980,3736,79,570,289,14,2016,174,0,0,0,49,1,2,19,9,2,357,0,0,4,0,159,24,0,641,673,164,493,538,2,248,0,181,50,21,719,0,755,981,254,72,302,0,1,45,0,900,1,525,2,0,0,0,0,0,2,0,42,0,0,0,90,1,0,1,623,292,785,4,0,0,2892,0,0,0,251,11,103,102,0,21,0,144,1,0,18,405,0,0,0,22,2,0,3,306,3,299,0,213,46,18,1,180,0,4,57,188,0,0,0,0,0,6,0,0,0,0,0,376,237,1324,87,321,0,14,2,378,66,1993,22,33,0,1624,24,44,8,0,207,54,57,298,83,280,279,618,4,0,143,1970,71,190,23,24,342,496,0,1589,1,27,9,23,397,1033,4,0,0,3022,298,201,5,0,0,548,347,40,0,0,0,0,0,0,0,0,153,0,99,538,0,3,31,0,38,0,0,0,0,0,0,0,0,0,0,0,0,0,0,0,0,0,0,0,0,0,0,0,0,0,0,0,0,0,0,0,0,0,0,0,0,0,0,0,0,0,0,0,0,0,0,0,0,0,0,0,0,0,0,0,0,0,0,0,0,0,0,0,0,0,0,0,0,0,0,0,0,0,0,0,0,0,0,0,0,0,0,0,0,0,0,0,6,0,0,0,0,0,0,0,0,0,0,0,0,0,0,0,0,0,0,0,0,0,0,0,0,0,0,0,0,0,0,0,0,0,0,0,0,0,0,0,0,0,0,0,0,0,0,0,0
CD24,1,0,0,0,0,0,0,0,0,0,0,0,0,0,0,0,27,0,0,0,0,0,0,0,239,0,0,0,0,0,0,0,0,0,0,0,0,0,0,0,0,0,0,0,0,0,0,0,0,0,0,0,0,0,0,0,0,0,0,0,0,0,0,0,0,18,0,0,0,1,0,321,9,0,0,4,0,6,0,2,0,62,0,0,0,66,159,0,0,127,0,2,0,112,0,47,0,5,0,0,0,0,0,0,0,1,0,0,0,162,0,0,0,0,0,30,0,0,14,0,0,0,0,0,0,0,0,0,0,0,0,4,5,0,261,0,0,0,0,0,39,0,0,160,0,0,0,0,147,7,0,18,0,0,2,0,0,141,0,192,0,0,83,0,0,0,0,0,0,111,0,0,2,0,0,0,5,0,0,0,50,5,0,0,21,0,0,127,0,0,0,0,20,13,0,0,0,0,0,0,0,0,0,22,8,0,0,97,0,279,1,35,0,23,0,0,0,0,0,0,140,0,0,0,2,0,0,0,0,0,0,0,0,16,0,0,0,0,0,0,0,0,0,2,407,0,0,0,0,0,0,0,0,0,0,0,27,56,0,0,0,0,0,15,4,2,0,0,0,0,0,0,0,0,0,18,219,32,0,0,0,1,36,0,0,0,0,83,0,2,0,0,0,0,0,71,0,1,0,0,0,0,0,0,0,28,250,0,0,0,0,0,0,0,0,0,0,0,0,1,0,0,0,0,0,0,0,12,0,2,0,0,490,0,5,0,410,0,1,0,131,351,76,0,2,10,20,0,1,44,193,0,133,0,189,22,3025,183,410,344,970,228,472,32,2270,1156,395,953,501,1280,181,0,544,691,3,278,256,839,312,816,8,300,654,934,832,1231,576,136,505,288,74,223,514,707,198,763,102,643,547,8,486,305,152,0,11,61,101,1054,83,11,81,59,202,1594,1029,140,748,314,197,166,242,162,508,47,65,201,13,200,0,661,358,49,349,625,345,89,507,129,1097,371,978,284,201,294,47,283,27,554,561,4,1064,484,24,534,382,191,460,265,489,93,23,304,112,849,561,888
CD86,0,212,0,0,0,0,0,0,0,0,0,0,0,0,0,0,0,0,0,0,0,0,0,0,0,0,0,0,0,0,0,6,0,81,0,0,0,0,1736,8,0,0,28,0,0,0,0,0,272,173,0,0,16,334,0,268,78,0,0,0,0,0,0,736,0,0,0,0,0,0,0,0,0,0,0,0,0,0,0,0,0,0,0,0,0,0,0,0,0,0,0,0,0,0,0,0,0,0,0,0,0,0,0,0,0,2,0,0,0,0,0,0,0,0,0,0,0,0,0,0,0,0,0,327,0,6,69,0,123,0,0,0,0,0,0,0,0,0,0,0,0,0,0,0,0,0,0,0,0,0,0,0,0,0,0,0,0,0,0,0,0,0,0,0,0,0,0,0,0,0,0,0,0,0,0,0,0,0,0,0,0,0,0,0,0,0,0,0,0,0,0,0,0,0,0,0,0,0,0,0,0,0,0,0,0,0,264,0,0,0,0,0,0,0,0,0,0,0,0,0,0,0,0,0,0,0,0,0,0,0,0,0,0,0,0,0,0,0,0,0,0,0,0,0,0,1564,0,0,0,0,0,0,0,0,0,0,0,0,0,0,0,0,0,0,378,0,0,0,0,0,0,0,0,0,0,0,1,0,0,0,0,0,0,0,0,0,0,0,0,0,0,0,0,0,0,0,0,0,202,0,0,0,0,0,0,0,0,0,0,0,0,0,0,0,0,0,0,0,21,0,0,0,0,0,0,18,0,0,0,0,0,0,0,0,0,0,0,0,0,0,0,0,0,0,0,0,0,0,0,0,0,0,0,0,0,0,0,0,0,0,0,0,0,0,0,0,0,0,0,0,0,0,0,0,0,0,0,0,0,0,0,0,0,0,0,0,0,0,0,0,0,0,0,0,0,0,0,0,0,0,0,0,0,0,0,0,0,0,0,0,0,0,0,0,0,0,0,0,0,0,0,0,0,0,0,0,0,0,0,0,0,0,0,0,0,0,0,0,0,0,0,0,0,0,0,0,0,0,0,0,0,0,0,0,0,0,0,0,0,0,0,0,0,0,0,0
CDK2,0,0,1,0,0,0,0,0,0,0,0,0,0,0,0,0,0,0,0,0,0,0,0,0,0,0,0,0,0,0,0,0,0,0,0,0,0,0,0,0,0,0,0,0,0,0,1,0,0,0,1,0,0,0,0,0,0,0,0,0,0,0,0,174,0,0,0,0,0,0,0,0,0,0,0,0,0,0,15,0,0,0,0,0,0,0,0,0,0,0,0,0,0,0,0,0,0,0,0,0,0,0,0,0,0,1,0,0,0,0,0,0,0,0,0,0,0,0,0,0,0,0,0,0,0,0,3,3,0,0,0,0,0,0,0,0,0,0,0,0,0,0,0,0,0,0,0,0,0,0,0,0,0,0,0,0,0,0,8,0,0,0,0,0,0,0,0,0,0,0,0,0,0,0,0,0,0,2,0,0,0,0,0,0,35,0,0,0,0,0,0,0,0,0,0,0,0,0,0,0,0,0,85,0,0,0,0,0,0,0,0,0,0,0,108,23,0,0,95,0,0,0,0,3,0,0,0,0,2,21,0,5,0,0,0,0,0,7,0,0,0,120,0,0,0,0,0,0,0,0,0,0,0,0,0,3,0,0,0,0,0,0,0,0,0,0,0,0,0,0,0,0,0,0,0,0,1,10,0,0,0,0,0,0,0,0,0,0,0,0,0,0,0,0,0,0,0,0,0,0,0,0,0,0,0,0,0,0,0,2,0,0,0,0,0,0,0,0,0,0,0,0,0,0,0,0,0,0,0,0,0,0,0,83,0,26,0,1,0,0,0,0,1,0,9,0,0,0,33,79,0,2,0,0,0,0,0,0,0,0,0,0,0,0,0,0,0,0,0,0,0,80,0,0,0,0,0,0,0,0,0,0,0,53,0,0,0,0,0,0,0,1,0,0,0,0,0,0,0,0,0,0,0,0,0,0,0,0,0,0,0,0,0,0,0,0,0,0,0,0,0,0,0,0,0,0,0,0,0,0,0,0,0,0,0,0,0,0,0,0,0,0,0,0,0,0,5,0,0,0,0,0,0,0,39,0,0,0,0,0,0,0,0,0,0,0
CKMT1B,0,0,0,12,5,0,0,59,2,0,0,9,7,15,0,27,2,30,0,0,1,0,0,0,5,13,0,4,0,0,0,0,0,13,0,0,0,1,0,0,0,0,2,0,0,0,0,0,0,0,0,0,0,0,0,0,0,0,7,10,0,0,15,0,4,11,40,0,45,16,18,20,0,4,42,14,0,7,9,46,29,2,0,0,4,0,12,34,13,34,59,19,0,0,0,110,65,5,0,10,60,0,32,42,0,1,13,85,0,0,0,9,14,20,2,25,10,2,15,26,23,0,0,0,0,0,0,0,0,0,10,12,0,0,3,2,1,1,20,0,0,7,17,25,0,1,0,1,18,0,0,0,1,2,81,0,0,18,0,0,0,26,2,2,3,0,0,4,27,32,80,0,0,0,0,11,19,0,0,0,0,26,13,0,18,0,1,68,0,0,0,0,13,0,0,1,0,0,0,0,0,0,0,11,39,32,12,0,0,0,0,0,0,34,0,0,39,0,0,31,12,0,0,0,119,0,0,0,3,6,1,0,0,468,0,15,6,2,11,1,0,0,12,0,0,0,0,0,0,0,2,0,0,0,0,0,13,73,8,0,29,5,0,18,78,0,2,61,0,47,84,0,10,0,3,13,27,30,5,64,48,35,94,0,0,0,33,7,0,0,0,0,12,0,11,6,0,0,2,17,6,2,0,0,46,33,28,0,0,0,37,24,0,0,0,0,0,0,0,0,0,82,0,6,4,0,9,0,0,15,0,0,0,0,0,0,0,0,0,0,0,0,0,0,0,0,0,0,0,0,0,0,0,0,0,0,0,0,0,0,0,0,0,0,0,0,0,0,0,7,0,0,0,60,0,0,0,0,15,0,0,0,0,0,0,0,0,4,0,0,0,0,0,3,25,0,0,0,0,0,0,0,0,0,0,0,0,0,0,0,0,0,0,0,0,0,0,0,0,0,0,0,0,0,0,0,0,0,0,0,0,0,0,0,0,0,0,0,0,0,0,0,0,0,0,0,0,0,0,0,0,0,0,0,0,0,0,0,0,0,0,0,0,0,13,0
DCX,0,0,0,0,0,9,0,16,12,4,0,159,60,8,0,55,286,15,0,1,0,0,0,0,1254,332,0,0,0,0,0,0,0,0,0,0,0,0,0,0,0,38,0,0,41,0,859,6,0,0,0,0,0,0,0,0,0,322,0,94,563,0,0,0,124,6,308,0,184,0,6,0,409,3,1,454,5,1,0,583,0,0,0,0,262,160,0,48,1,0,55,190,312,673,0,1,17,47,0,2,171,1,291,0,0,3,64,0,0,93,0,0,0,21,0,59,177,7,18,511,67,0,1,0,1,0,0,0,2,2,141,236,2047,0,129,0,0,298,1777,12,1196,181,1407,440,44,0,0,0,282,0,0,667,6,32,717,0,0,136,0,23,0,10,680,650,1,0,791,0,0,0,0,2,0,7,0,40,271,0,0,0,0,609,0,0,0,0,523,823,0,0,0,0,0,0,0,0,0,0,0,109,0,0,0,556,1093,54,0,0,0,892,18,0,0,0,0,0,19,0,0,494,1,0,0,0,21,0,0,0,0,49,1,0,28,0,892,0,70,0,0,66,2,0,0,1,207,0,0,0,0,0,6,0,0,0,0,0,86,0,240,0,12,0,0,58,8,0,78,0,35,0,112,0,127,33,143,328,335,11,136,17,4,14,0,1,0,877,25,19,0,285,0,1,56,0,123,0,0,0,1,243,355,92,0,0,0,125,1,892,253,0,5,607,75,0,0,0,0,1,1,1,0,203,0,0,101,0,1,0,5,1,2,0,76,11,2851,215,4,4,465,3,2002,3745,95,610,5,411,10,14,13,372,137,888,382,0,4800,490,8072,3548,3050,3368,6815,802,1563,2459,4580,2403,3818,1812,2946,3089,2025,1,4465,4053,1405,2400,3392,2532,1149,3102,269,2630,3620,2799,5402,111,5591,1880,1913,2910,2546,2025,1753,2425,5619,2221,6961,2700,4356,2200,4534,4502,1895,1638,8340,2653,4270,2050,2758,2935,1096,1979,1834,4764,185,242,1539,1597,1253,7697,1598,3006,3097,586,1310,1044,32,3148,3146,1509,4095,2482,754,1248,1346,1932,385,753,1521,1570,4110,163,1455,676,79,578,1460,1970,5071,1474,979,2232,2381,856,43,1480,7123,813,3939,682,2925,4285,1239,712,2646,2054
ERMN,651,8,4639,14,97,67,2135,0,711,7491,2742,0,7,15,30,16,315,36,4783,290,7583,6155,7,901,111,12,387,0,2396,1145,2803,3480,0,3,0,0,2,0,0,38,0,0,0,0,0,24,35,98,0,0,0,0,1869,0,0,0,0,0,0,0,0,0,5,0,0,0,0,0,0,0,0,0,0,65,0,0,0,0,0,0,0,0,0,0,0,0,0,2,0,0,0,0,0,0,0,0,1,0,0,0,0,0,0,0,0,1,0,0,1,0,0,0,0,0,0,0,0,0,0,0,0,0,0,0,0,0,0,11,0,0,0,0,0,0,0,0,0,0,0,0,0,0,0,0,0,0,0,7785,0,0,0,0,0,0,0,0,0,0,0,0,0,0,0,0,0,0,0,0,0,0,0,0,0,0,0,0,0,0,0,0,0,0,0,0,0,0,0,0,0,0,28,0,0,0,0,0,0,0,0,0,0,0,0,0,0,0,0,0,0,0,0,0,4,0,1265,0,0,2761,2,0,349,0,1261,0,0,94,1241,0,0,0,0,0,0,0,1,0,0,0,803,0,0,239,3,1,253,50,0,1216,2501,281,0,0,928,1731,561,0,5,0,0,5731,0,0,1940,125,0,0,0,0,39,3021,0,690,0,0,0,57,0,0,1,0,7,1,0,12,1788,0,921,0,9342,0,0,364,0,683,0,1,1679,0,6,0,2,2,1621,8,0,0,0,0,2384,385,0,0,1,1388,0,1,0,0,0,0,0,0,0,0,0,0,0,0,0,0,0,0,0,0,0,0,0,0,0,0,0,0,0,0,0,0,0,0,0,0,0,0,0,0,0,0,0,0,0,0,0,0,0,0,0,0,0,0,0,0,0,0,0,0,1,0,0,0,0,0,0,0,0,0,0,0,28,0,0,0,0,0,0,0,0,0,0,0,0,0,0,0,0,0,0,0,0,0,0,0,0,0,0,0,0,0,0,0,0,0,0,0,0,0,0,0,0,0,0,0,0,0,0,0,0,0,0,0,0,0,0,0,0,0,0,0,0,0,0,0,0,0,0,0,0,0,0,0,0,0,0,0,0,0,0,0
FCGR3A,0,0,0,0,0,0,0,0,0,0,0,0,0,0,0,0,0,0,0,0,0,0,0,0,0,0,0,0,0,0,0,0,5,0,0,0,0,0,0,8,0,0,0,0,0,0,0,0,0,2,0,0,0,20,57,0,0,0,0,0,0,0,0,124,0,0,0,0,0,0,0,0,0,0,0,0,0,0,0,0,0,0,0,0,0,0,0,0,0,0,0,0,0,0,0,0,0,0,0,0,0,0,0,0,0,1,0,0,0,0,0,0,0,0,0,0,0,0,0,0,0,0,0,61,0,18,2,0,193,0,0,0,0,0,0,0,0,0,0,0,0,0,0,0,0,0,0,0,0,0,0,0,0,0,0,0,0,0,0,0,0,0,0,0,0,0,0,0,0,3,0,0,0,0,0,0,0,0,0,0,0,0,0,0,0,0,0,0,0,0,0,0,0,0,0,0,0,0,0,0,0,0,0,0,0,0,0,0,0,0,0,0,0,0,0,0,0,0,0,0,0,0,0,0,0,0,0,0,0,0,0,0,0,0,0,0,0,0,0,0,0,0,0,0,0,145,0,0,0,0,0,0,0,0,0,0,0,0,0,0,0,0,0,0,0,0,0,0,0,0,0,0,0,0,0,0,1,3,0,0,0,0,0,0,0,0,0,0,0,0,0,0,0,0,0,0,0,0,0,0,0,0,0,0,0,0,0,0,0,0,0,0,0,0,0,0,0,177,15,0,0,0,0,0,0,78,0,0,0,0,0,0,0,0,0,0,0,0,0,0,0,0,0,0,0,0,0,0,0,0,0,0,0,0,0,0,0,0,0,0,0,0,0,0,0,0,0,0,0,0,0,0,0,0,0,0,0,0,0,0,0,0,0,0,0,0,0,0,0,0,0,0,0,0,0,0,0,0,0,0,0,0,0,0,0,0,0,0,0,0,0,0,0,0,0,0,0,0,0,0,0,0,0,0,0,0,0,0,0,0,0,0,0,0,0,0,0,0,0,0,0,0,0,0,0,0,0,0,0,0,0,0,0,0,0,0,0,0,0,0,0,0,0,0,0,0
FGFR3,0,0,0,0,0,4,0,0,0,0,0,0,9,0,16,0,0,0,0,0,0,0,0,0,0,0,0,0,0,0,0,0,0,0,0,0,27,0,0,0,0,0,0,0,2,0,0,0,0,0,0,0,0,0,0,0,0,0,0,0,0,638,56,0,0,16,0,239,0,0,0,0,0,0,0,113,0,0,0,0,0,0,1,0,0,0,0,0,0,0,0,0,0,0,5,0,0,0,523,0,0,0,0,0,7,3,0,0,202,1,155,0,0,0,0,0,0,0,0,0,0,7,0,0,0,0,0,6,0,192,0,0,0,1,0,206,35,87,5,231,62,1,196,0,37,227,697,9,114,32,57,24,4,512,36,213,644,50,411,6,121,1,43,120,0,4,0,2,2,1,1,0,269,208,645,3,16,137,424,514,197,144,80,223,20,457,201,6,390,39,24,25,16,38,451,12,318,200,265,79,1294,27,250,263,69,0,1,55,857,0,196,459,0,0,0,0,0,0,2,0,0,0,0,0,0,0,0,0,0,0,0,0,0,0,0,0,0,0,0,0,0,0,0,0,0,0,9,0,0,0,73,0,0,0,0,0,0,0,0,0,76,60,0,0,0,0,0,0,0,0,0,122,0,0,0,0,0,0,0,0,0,0,1,0,0,0,0,0,0,0,0,0,0,0,0,0,0,113,0,31,0,1,0,250,0,0,0,0,2,0,0,0,0,202,61,60,95,0,0,76,8,0,107,0,0,0,0,1,61,0,309,146,0,1,0,101,0,0,1,0,0,0,0,19,0,0,0,0,0,0,0,0,0,0,0,0,0,0,0,0,0,0,0,0,0,0,0,0,0,0,0,0,0,0,0,0,0,0,0,0,0,0,0,0,0,0,0,0,0,0,0,0,0,0,0,0,0,0,0,0,0,0,0,0,0,0,0,0,0,0,0,0,0,0,0,0,0,0,0,0,0,0,0,0,0,0,0,0,0,0,0,0,0,0,0,0,0,0,0,0,0,0,0,0,0,0,16,0,0,0,0,0,0,0,0,0,0,0,0,0,0,0,0,0,0,0
GABRA1,1,582,384,145,86,18,21,47,624,170,0,326,270,551,0,408,473,1554,0,53,124,0,0,0,1254,470,1,2360,0,0,0,0,0,0,62,0,323,0,0,0,0,726,0,0,6,0,0,0,0,0,0,0,0,0,0,0,0,0,37,1099,257,0,296,2,652,176,316,189,36,19,21,0,40,0,324,0,89,76,522,257,0,354,3,240,508,761,507,1715,493,2847,89,844,897,1548,0,1746,2917,131,2,0,931,0,55,24,6,65,1235,15,0,26,0,1246,22,45,143,1480,914,699,91,942,0,0,0,0,0,0,0,1,0,0,1,1809,0,0,637,0,0,1109,4003,23,1080,987,827,2191,819,0,4,2,1586,1,1,437,93,162,104,0,0,1715,0,0,0,1225,4871,1923,181,726,1953,5,430,1125,1337,513,1,1668,0,716,39,161,0,2,0,11,123,0,44,0,2584,0,6,21,0,211,367,0,5,0,1,0,0,1116,0,0,0,1920,32,1028,10,0,0,4152,0,0,0,136,0,80,515,0,1,2,761,81,18,0,727,2,0,1,2,371,255,1,1301,1,2950,544,1480,1924,19,41,2497,2,9,844,2734,0,0,0,0,0,0,0,0,0,0,0,631,59,1912,2,45,30,25,1311,49,77,1172,315,144,0,1318,2,1119,65,797,534,1495,1929,437,1016,329,163,349,0,1,807,1333,138,61,687,0,0,977,407,383,462,1,2,1512,662,42,2567,1,0,1550,722,205,0,0,0,391,512,0,0,0,0,0,0,0,0,0,841,0,47,0,0,136,17,0,21,0,0,0,0,0,0,0,0,0,0,0,0,0,0,0,0,0,0,1,0,0,0,0,0,0,0,0,0,0,0,0,0,0,0,0,0,0,0,0,0,0,0,0,0,0,0,0,0,0,0,0,25,0,0,0,0,0,4,0,0,0,0,3,0,0,0,0,0,0,0,0,0,0,0,0,0,0,0,0,0,0,0,0,0,0,0,0,0,0,0,0,0,0,0,0,0,0,0,0,0,0,0,0,0,0,0,0,0,587,0,0,0,0,0,0,0,0,0,0,0,0,0,0,46,0,0,0,501,0,0,0,0,0,0,0,0
GABRB2,6,22,0,583,62,134,0,3,189,12,1,483,251,185,0,710,686,349,0,0,5,0,0,0,256,171,1,85,2,0,0,0,0,0,35,0,1,0,0,0,0,488,0,0,0,0,155,0,0,0,0,0,0,0,0,0,0,0,0,418,108,43,147,2,410,272,307,1,29,20,162,3,268,0,347,20,23,108,67,303,0,224,0,17,148,160,744,1025,108,385,40,406,536,164,0,661,2409,561,0,206,430,0,83,1175,3,76,245,94,1,412,0,1707,0,84,75,843,1669,243,369,829,434,0,0,0,0,0,0,0,0,0,129,942,0,1,828,0,147,255,2486,61,560,318,81,1415,616,0,0,0,830,0,0,249,136,22,268,0,0,1632,0,99,0,778,1383,888,160,64,3646,43,465,1528,414,92,0,706,0,122,456,262,0,428,0,0,556,10,17,0,1193,2,0,98,0,59,271,1,0,0,0,0,0,1386,0,0,0,1298,1165,220,5,0,0,576,14,0,0,239,0,0,684,0,0,1031,429,2,0,0,913,0,0,0,17,226,1449,0,517,39,311,164,498,1,8,1,112,0,620,13,4,0,0,0,0,0,0,0,0,0,0,0,1141,14,528,5,64,18,2,775,393,10,763,196,0,270,426,0,1629,4,270,421,530,576,997,299,383,140,713,0,0,815,108,629,0,914,1,13,295,3,148,191,0,4,528,327,8,323,14,0,334,493,354,0,0,0,257,522,0,1,0,0,0,0,0,0,0,319,0,156,77,1,26,3,0,587,0,0,0,0,0,0,0,0,525,0,0,0,210,0,0,0,0,0,0,0,0,0,0,0,0,0,0,0,157,0,0,0,0,0,0,0,0,0,12,72,0,0,0,0,0,9,0,0,0,42,0,335,0,415,0,0,0,0,0,0,0,0,0,0,23,1,0,0,0,0,0,11,0,0,0,0,7,0,0,0,0,0,0,1,0,0,0,0,0,0,1,0,0,0,0,0,1,305,0,0,0,0,0,348,0,0,0,0,136,0,0,0,0,0,0,0,0,0,0,0,0,0,0,7,0,57,3,0,0,0,0,1,0,0,694,0
GABRG2,0,73,0,28,109,0,0,34,364,15,1,141,326,706,1,488,387,49,0,0,57,0,0,0,239,6,0,1560,0,0,0,0,0,0,2,0,0,0,0,0,0,53,0,0,0,0,0,0,0,0,0,0,0,0,0,0,0,93,0,478,57,0,278,0,1,18,422,0,0,4,4,17,277,2,213,42,6,120,84,24,7,76,0,6,8,145,43,766,23,1594,68,1172,21,1047,0,7,70,56,4,18,258,0,29,93,272,18,627,106,0,14,1,1240,379,8,1,632,63,124,12,846,1,0,0,0,0,0,0,0,0,0,20,245,0,0,37,0,261,1044,1202,18,16,298,6,311,330,1,4,2,104,1,1,122,4,720,76,0,0,419,0,600,0,466,953,99,1006,17,293,163,8,516,2117,398,0,136,0,20,645,0,10,0,0,50,58,0,5,0,1081,122,61,240,0,52,539,0,0,0,0,0,0,257,0,0,0,1993,676,688,1,0,0,3198,0,1,1,116,3,1,84,0,6,1836,644,9,0,0,7,0,0,0,2,69,313,1,479,6,807,188,155,1636,1,93,992,0,459,13,59,0,0,0,0,0,6,0,0,0,0,0,66,187,1629,1,11,0,0,202,212,3,1915,8,4,98,1019,19,134,12,125,286,389,742,171,134,332,351,910,0,12,250,228,566,2,397,0,819,1308,2,268,1002,12,0,259,260,235,52,2,0,804,327,53,0,0,0,48,728,1,0,0,1,0,0,0,0,0,477,0,1,0,0,36,33,0,294,0,0,1,0,0,0,0,0,0,0,0,0,0,0,0,0,0,0,0,0,0,0,0,0,0,0,0,0,0,0,0,0,0,0,0,0,0,0,0,0,0,0,0,0,0,0,0,0,0,1,8,113,0,106,24,0,5,0,0,11,0,0,0,0,0,0,0,49,0,0,0,9,0,0,0,0,382,0,0,0,0,0,0,0,0,0,0,0,0,0,0,0,28,0,0,0,1,0,0,0,0,0,0,0,0,0,0,81,312,0,0,0,200,6,0,10,0,0,3,0,0,2,0,0,0,0,0,3,210,0,0,747,0,0,5,0
GJB1,4,0,26,0,12,0,5,0,0,13,13,0,0,0,0,0,1,0,0,5,7,0,0,1,0,0,20,0,4,4,11,3,0,0,0,0,0,0,0,0,0,0,0,0,0,0,0,0,0,0,0,0,8,0,0,0,0,2,0,0,0,0,0,0,0,0,0,0,0,0,0,0,0,6,0,0,0,0,0,0,0,0,0,0,0,0,0,0,0,0,0,0,0,0,0,0,0,0,0,0,0,0,0,0,0,0,0,0,0,0,0,0,0,0,0,0,0,0,0,0,0,0,0,0,0,0,0,0,0,0,0,0,0,0,0,0,0,0,0,0,0,0,0,0,0,0,0,0,0,0,0,0,0,0,0,0,0,0,0,0,0,0,0,0,0,0,0,0,0,1,0,0,0,0,0,0,0,0,0,0,0,0,0,0,0,0,0,0,0,0,0,0,0,0,0,0,0,0,0,0,0,0,0,0,0,0,0,0,0,0,0,0,0,0,0,0,0,0,0,0,21,0,0,0,0,0,0,0,0,0,0,0,0,0,0,0,0,0,0,0,0,0,0,0,0,0,0,0,29,0,0,0,5,9,0,0,0,0,0,49,0,5,34,0,0,1,0,0,0,145,0,8,0,0,0,0,0,0,0,0,0,0,0,0,206,0,258,0,39,0,0,7,0,9,0,0,124,0,0,0,0,0,473,0,0,0,0,0,245,55,0,0,0,0,0,0,0,0,0,0,0,0,0,0,0,0,0,0,0,0,0,0,0,0,0,0,0,0,0,0,0,0,0,0,0,0,0,0,0,0,0,0,0,0,0,0,0,0,0,0,0,0,0,0,0,0,0,0,0,0,0,0,0,0,0,0,0,0,0,0,0,0,0,0,0,0,0,0,0,0,0,0,0,0,0,0,0,0,0,0,0,0,0,0,0,0,0,0,0,0,0,0,0,0,0,0,0,0,0,0,0,0,0,0,0,0,0,0,0,0,0,0,0,0,0,0,0,0,0,0,0,0,0,0,0,0,0,0,0,0,0,0,0,0,0,0,0,0,0,0,0,0,0,0,0,0
GJB6,0,0,0,0,0,0,0,0,0,0,0,0,0,0,185,0,0,0,0,0,0,0,0,0,0,0,0,0,0,0,0,0,0,0,0,0,0,0,0,0,0,0,0,0,0,0,0,0,0,0,0,0,0,0,0,0,0,0,2,0,2,738,321,3,790,462,2,742,8,0,0,1,1,0,0,0,462,0,0,1,3,0,45,2,0,0,5,2,0,0,0,0,0,1,593,0,0,0,1233,0,0,0,0,0,855,4,0,0,867,0,884,2,41,0,459,0,0,0,12,0,0,0,0,0,0,0,0,22,0,0,0,0,0,0,0,1964,544,16,1,380,60,0,716,0,10,462,431,1,234,768,114,21,0,132,0,231,7,2,1066,1,646,0,1,3,0,0,0,0,0,0,0,0,1499,255,206,0,1,818,1,583,684,130,1053,740,0,798,65,0,762,117,123,1,138,1269,1399,57,90,202,549,955,2855,173,1290,149,188,0,1,918,855,0,1,3,0,0,0,0,0,0,39,0,0,0,0,0,0,0,0,0,0,0,0,0,0,0,0,0,0,0,1,0,0,0,0,0,0,0,0,0,0,0,0,0,0,0,0,0,0,0,0,0,0,0,0,0,0,0,0,0,0,0,0,163,0,0,0,0,0,0,0,0,0,0,0,0,0,0,0,0,0,0,0,0,0,0,0,0,0,1394,0,0,1,0,0,289,0,0,0,0,0,0,0,0,0,865,0,0,430,0,0,227,0,0,0,0,0,0,0,0,21,0,1154,7,0,0,0,0,0,0,0,0,0,0,0,0,0,0,0,0,0,0,0,0,0,0,0,0,0,0,0,0,0,0,0,0,0,0,0,0,0,0,0,0,0,0,0,0,0,0,0,0,0,0,0,0,0,0,0,0,0,0,0,0,0,0,0,0,0,0,0,0,0,0,0,0,0,0,0,0,0,0,0,0,0,0,0,0,0,0,0,0,0,0,0,0,0,0,0,0,0,0,0,0,0,0,0,0,0,0,0,0,0,0,0,0,0,0,0,0,0,0,0,0,0,0,0,0,0,0,0,0,0,0,0,0,0,0
GNG11,0,0,0,0,0,0,0,0,0,0,0,0,0,0,0,0,0,0,0,0,0,0,0,0,0,0,0,0,0,0,0,0,0,0,0,0,0,0,0,0,0,0,0,0,0,0,0,0,0,0,0,0,0,0,0,0,0,0,0,0,0,0,0,0,0,0,0,0,0,0,0,0,0,0,0,0,0,0,0,0,0,0,0,0,0,0,0,0,0,0,0,0,0,0,0,0,0,0,0,0,0,0,0,0,0,0,0,0,0,0,0,0,0,0,0,0,0,0,0,0,0,0,66,0,139,0,0,0,0,0,0,0,0,0,0,10,0,0,0,0,1,0,0,0,0,0,0,0,0,0,0,0,0,0,0,0,0,0,0,0,0,0,0,0,0,0,0,0,0,0,0,0,0,0,0,0,0,0,0,0,0,0,0,0,0,0,0,0,0,0,0,0,0,0,178,0,0,0,251,0,0,0,0,0,0,0,0,0,0,0,0,0,45,0,42,5,0,0,177,0,0,196,0,397,0,66,0,0,3,45,37,178,0,0,0,0,0,4,0,0,8,120,0,0,0,0,15,0,0,0,0,45,0,0,0,161,0,0,0,0,34,0,0,0,0,0,0,0,0,0,0,0,0,0,0,0,0,0,0,0,0,0,0,0,0,0,0,0,1,0,0,0,0,0,0,0,0,0,0,0,0,0,0,0,0,0,0,0,0,0,0,0,0,0,0,0,0,0,0,0,0,0,0,0,0,0,0,0,0,0,0,0,0,0,0,0,0,0,27,3,208,0,0,0,385,0,0,0,0,0,0,0,0,0,0,0,0,0,0,0,0,0,0,0,0,0,0,0,0,0,0,0,0,0,0,0,0,0,0,0,0,0,0,0,0,0,0,0,0,0,0,0,0,0,0,0,0,0,0,0,0,0,0,0,0,0,0,0,0,0,0,0,0,0,0,0,0,0,0,0,0,0,0,0,0,0,0,0,0,0,0,0,0,0,0,0,0,0,0,0,0,0,0,0,0,0,9,0,0,0,0,0,0,0,0,0,0,0,0,0,0,0,0,0,0,0
GPR17,0,0,0,0,0,0,0,0,0,0,0,0,0,0,0,0,0,0,0,0,0,0,0,0,0,0,0,0,0,0,0,0,0,0,0,5,0,0,0,0,3,0,1,0,0,1,1,0,0,0,3,0,0,0,0,0,0,3,0,0,0,0,0,0,0,0,0,0,0,0,0,0,0,6,0,0,0,0,0,0,0,0,0,0,0,0,0,0,0,0,0,0,0,0,0,0,0,0,0,0,0,0,0,0,0,0,0,0,0,0,0,0,0,0,0,0,0,0,0,0,0,0,0,0,0,0,0,0,0,1,0,0,0,0,0,0,0,0,0,0,0,0,0,0,0,0,0,0,0,0,0,0,0,0,0,0,0,0,0,0,0,0,0,0,0,0,0,0,0,0,0,0,0,0,0,0,0,0,0,0,0,0,0,0,0,0,0,0,0,0,0,0,0,0,0,0,0,0,0,0,0,0,0,0,0,0,0,0,0,0,0,0,0,0,0,0,0,0,0,0,0,0,0,0,0,0,0,0,0,0,0,0,0,0,0,0,1,0,0,0,0,0,0,0,0,0,0,0,0,0,0,0,0,0,0,0,0,0,0,0,20,973,0,0,0,0,0,66,32,0,0,0,16,1453,0,0,0,0,0,0,0,0,0,220,0,33,0,0,2,0,1320,0,0,0,429,0,0,0,0,0,0,0,0,0,0,0,0,37,29,0,0,45,1879,0,0,0,0,0,0,0,0,0,0,0,0,0,0,0,0,0,0,0,0,0,0,0,0,0,0,0,0,0,0,0,0,0,0,0,0,0,0,0,0,0,0,0,0,0,0,0,0,0,0,0,0,0,0,0,0,0,0,0,0,0,0,0,0,0,0,0,0,0,0,0,0,0,0,0,0,0,0,0,0,0,0,0,0,0,0,0,0,0,0,0,0,0,0,0,0,0,0,0,0,0,0,0,0,0,0,0,0,0,0,0,0,0,0,0,0,0,0,0,0,0,0,0,0,0,0,0,0,0,0,0,0,0,0,0,0,0,0,0,0,0,0,0,0,0,0,0,0,0,0,0,0,0
GPX3,0,0,0,0,0,0,0,0,0,0,0,0,0,0,0,0,0,0,0,0,0,0,0,0,0,0,0,0,0,0,0,0,1,0,0,0,0,0,24,0,0,0,0,0,0,0,0,0,0,0,0,0,0,0,0,0,0,0,0,0,0,0,0,0,0,0,0,0,0,0,0,0,0,0,42,0,0,0,0,0,0,0,0,0,0,0,3,0,0,0,0,0,0,0,0,0,0,0,120,0,0,1015,0,0,0,0,0,0,0,0,0,0,0,0,0,0,0,0,0,0,0,0,1467,0,6,0,0,0,1,0,0,0,0,3352,0,0,0,0,0,0,0,0,0,0,0,0,0,0,0,0,0,0,0,0,0,0,0,0,0,0,0,67,0,0,0,0,0,0,0,0,0,0,0,0,0,0,0,0,0,0,0,0,0,0,0,0,0,0,0,0,0,0,0,0,0,0,0,0,0,0,0,0,0,0,0,0,0,0,0,0,0,0,0,0,0,0,0,0,0,0,0,0,0,0,0,0,0,283,3,0,0,113,0,0,0,0,0,0,0,0,47,33,0,0,0,0,0,0,0,0,0,0,0,0,0,0,0,0,0,0,0,0,0,0,0,0,0,0,0,0,0,0,0,0,0,0,0,35,0,0,0,0,0,0,0,0,0,0,0,0,0,0,0,0,0,0,0,0,0,0,0,0,0,0,0,0,0,0,0,0,0,0,0,0,0,0,0,0,0,0,0,0,0,0,0,0,0,1,0,0,0,0,8,0,0,0,0,0,21,0,81,0,1636,62,2413,0,0,0,0,0,0,0,0,1,0,0,0,0,0,0,0,0,0,0,0,0,0,0,0,0,0,86,0,0,0,0,0,0,0,2,0,0,0,0,0,0,0,0,0,0,0,0,0,0,0,0,0,0,0,0,0,0,0,0,0,0,0,0,0,0,0,0,0,0,0,0,0,0,0,0,0,0,0,0,0,0,0,0,0,0,0,0,0,0,0,0,0,0,0,0,0,0,0,0,0,0,1199,0,0,0,0,0,0,0,0,0,0,0,0,0,0,0,0,0,0,0
HIST1H1B,0,0,0,0,0,0,0,0,0,0,0,0,0,0,0,0,0,0,0,0,0,0,0,0,0,0,0,0,0,0,0,0,0,0,0,0,0,0,0,0,0,0,0,0,0,0,0,0,0,0,0,0,0,0,0,0,0,0,0,0,0,0,0,0,0,0,0,0,0,0,0,0,0,0,0,0,0,0,0,0,0,0,0,0,0,0,0,0,0,0,0,0,0,0,0,0,0,0,0,0,0,0,0,0,0,0,0,0,0,0,0,0,0,0,0,0,1,0,0,0,0,0,0,0,0,0,0,0,0,0,0,0,0,0,0,0,0,0,0,0,0,0,0,0,0,0,0,0,0,0,0,0,0,0,0,0,0,0,0,0,0,0,0,0,0,0,0,0,0,0,0,0,0,0,0,0,0,0,0,0,0,0,0,0,0,0,0,0,0,0,0,0,0,0,0,0,0,0,0,0,0,0,0,0,0,0,0,0,0,0,0,0,0,0,0,0,0,0,0,0,0,0,0,0,0,0,0,0,0,0,0,0,0,0,0,0,0,0,0,0,0,0,0,0,0,0,0,0,0,0,0,0,0,0,0,0,0,0,0,0,0,0,0,0,0,0,0,0,0,0,0,0,0,0,0,0,0,0,0,0,0,0,0,0,0,0,0,0,0,0,0,1,0,0,0,0,0,0,0,0,0,0,0,0,0,0,0,0,0,0,0,0,0,0,0,0,0,0,0,0,0,0,0,0,0,0,0,0,0,0,0,0,96,1,0,89,0,0,0,25,0,0,0,0,20,0,0,177,1,0,0,49,0,342,0,0,0,0,2,0,0,0,0,0,0,0,0,0,0,0,0,115,0,0,0,0,0,0,0,0,0,0,0,0,0,0,0,0,0,0,0,0,0,0,0,0,0,0,0,0,0,0,0,3,0,0,0,0,0,0,0,0,0,0,0,0,0,0,0,0,0,0,0,0,0,0,0,0,0,0,0,0,0,0,0,0,0,0,0,0,0,0,0,0,0,0,159,0,0,0,0,0,0,0,52,0,0,0,0,0,0,0,0,0,4,0
HLA-DRB1,0,0,0,0,0,0,0,0,0,0,0,0,0,0,0,0,0,0,0,0,0,2,0,0,0,0,0,0,0,0,0,0,9,0,3,0,0,0,0,1,0,0,1,0,0,0,0,0,1,3,0,0,0,3,0,9,7,0,0,0,0,0,0,1,0,0,0,0,0,0,0,0,0,0,0,0,0,0,0,0,0,0,0,0,0,0,0,0,0,0,0,0,0,0,0,0,0,0,0,0,0,0,0,0,0,1,0,0,0,0,0,0,0,0,0,0,0,0,0,0,0,0,0,31,0,919,0,0,0,0,0,0,0,0,0,0,0,0,0,0,0,0,0,0,0,0,0,0,0,0,0,0,0,0,0,0,0,0,0,0,0,0,0,0,0,0,0,0,0,0,0,0,0,0,0,0,0,0,0,0,0,0,0,0,0,0,0,0,0,0,0,0,0,0,0,0,0,0,0,0,0,0,0,0,0,0,1,0,0,0,0,0,0,0,0,0,0,0,0,0,0,0,0,0,0,0,0,0,0,0,0,0,0,0,0,0,0,0,0,0,0,0,0,0,0,0,0,0,0,0,0,0,0,0,0,0,0,0,0,0,0,0,0,0,11,0,0,0,0,0,0,0,0,0,0,0,0,3,9,0,0,0,0,0,0,0,1,0,0,0,0,0,0,0,0,0,0,0,0,0,0,0,0,0,0,0,0,0,0,0,0,0,0,0,0,0,0,417,2,0,0,0,0,0,0,755,0,0,0,0,0,0,0,0,0,0,0,0,0,0,0,0,0,0,0,0,0,0,0,0,0,0,0,0,0,0,0,0,0,0,0,0,0,0,0,0,0,0,0,0,0,0,0,0,0,0,0,0,0,0,0,0,0,0,0,0,0,0,0,0,0,0,0,0,0,0,0,0,0,0,0,0,0,0,0,0,0,0,0,0,0,0,0,0,0,0,0,0,0,0,0,0,0,0,0,0,0,0,0,0,0,0,0,0,0,0,0,0,0,0,0,0,0,0,0,0,0,0,0,0,0,4,0,0,0,0,0,0,0,0,0,0,0,0,0,0
IFITM1,0,0,0,0,0,0,0,0,0,0,0,0,0,0,0,0,0,0,0,0,0,0,0,0,0,0,0,0,0,0,0,0,0,0,0,0,0,0,0,0,0,0,0,0,0,0,0,0,0,0,0,0,0,0,0,0,0,0,0,0,0,0,0,0,0,0,0,0,0,0,0,0,0,0,0,0,0,0,0,0,0,0,0,0,0,0,0,0,0,0,0,0,0,0,0,0,0,0,0,0,0,1042,0,0,0,0,0,0,0,0,0,0,0,0,0,0,0,0,0,0,0,0,477,0,828,0,0,0,0,0,0,0,0,1774,0,0,0,0,0,0,0,0,0,0,0,0,0,0,0,0,0,0,0,0,0,0,0,0,0,0,0,0,0,0,0,0,0,0,0,0,0,0,0,0,0,0,0,0,0,0,0,0,0,0,0,0,0,0,0,0,1,0,0,0,0,4,0,0,0,0,0,0,0,0,3,0,0,0,0,0,0,0,1495,0,530,177,0,0,529,0,0,1781,0,486,0,1617,0,707,165,277,0,82,0,0,1,0,0,152,1671,0,81,182,0,0,0,0,713,0,0,0,0,2,0,0,0,401,0,0,0,0,0,0,0,0,0,0,0,0,0,0,0,0,0,0,0,0,0,0,0,0,0,0,0,0,0,0,0,0,0,0,0,0,0,0,0,0,0,0,0,0,0,0,0,0,0,0,0,0,0,0,0,0,0,1,0,0,0,0,0,0,0,1,1,0,0,0,0,0,0,0,0,0,0,0,0,0,0,0,0,0,0,0,0,0,0,0,0,0,0,0,0,0,0,0,1,0,0,0,0,0,0,0,0,0,0,0,0,0,0,0,0,0,0,0,0,0,0,0,0,0,0,0,0,0,0,0,0,0,0,0,0,0,0,0,0,0,0,0,0,0,0,0,0,0,0,0,0,0,0,0,0,0,0,0,0,0,0,0,0,0,0,0,0,0,0,0,0,0,0,0,0,0,0,0,0,0,0,0,0,0,0,0,0,0,0,0,0,0,0,0,0,0,0,0,0,0,0,0,0,0,0,0,0,0,0,0
KLK6,96,0,54,0,0,0,18,0,18,74,25,15,0,0,0,1,23,1,118,56,78,0,0,66,1,1,55,0,24,113,105,0,0,0,0,0,0,2,0,0,0,0,16,0,0,0,0,4,0,0,20,0,37,0,0,0,3,0,0,0,0,0,0,0,0,0,0,0,1,0,0,0,0,0,0,0,0,0,0,0,0,0,0,0,0,0,0,0,0,0,0,0,0,0,0,0,0,0,0,0,0,0,0,0,0,2,0,0,1,0,0,0,0,0,0,0,0,0,0,0,0,0,0,0,0,0,0,0,0,0,0,0,0,0,0,0,0,0,0,0,0,0,0,0,0,0,0,1167,0,0,0,0,0,0,0,0,0,0,0,0,0,0,0,0,0,0,0,0,0,0,0,0,0,0,0,0,0,0,0,0,0,0,0,0,0,0,0,0,0,0,0,0,0,0,0,0,0,0,0,0,0,0,0,0,0,0,0,0,0,0,0,0,0,0,0,0,0,83,0,0,3,0,152,0,0,0,70,0,0,0,0,0,0,0,0,0,6,0,0,0,0,123,0,0,8,0,0,106,1391,104,0,0,432,758,135,0,0,0,0,1410,0,0,224,0,0,0,0,0,0,766,0,117,0,0,0,0,0,0,1,0,0,0,0,0,1498,0,145,0,1520,0,0,99,0,52,0,0,216,0,0,0,0,0,14,0,0,0,0,0,138,1007,0,0,0,0,0,0,0,0,0,0,0,0,0,0,0,0,0,0,0,0,0,0,0,0,0,0,0,0,0,0,0,0,0,0,0,0,0,0,0,0,0,0,0,0,0,0,0,0,0,0,0,0,0,0,0,0,0,0,0,0,0,0,0,0,0,0,0,0,0,0,0,0,0,0,0,0,0,0,0,0,0,0,0,0,0,0,0,0,0,0,0,0,0,0,0,0,0,0,0,0,0,0,0,0,0,0,0,0,0,0,0,0,0,0,0,0,0,0,0,0,0,0,0,0,0,0,0,0,0,0,1,0,0,0,0,0,0,0,0,0,0,0,0,0,0,0,0,0,0,0,0,0,0,0,0,0
KLRC2,0,3,0,0,0,0,0,0,0,0,0,0,0,0,0,0,0,0,116,0,0,0,13,0,0,0,0,0,0,4,6,0,1,4,0,7,12,7,0,0,0,0,17,0,1,61,9,0,0,0,47,4,0,1,0,0,0,1,0,0,0,0,0,0,0,0,0,0,0,0,0,0,0,0,0,0,0,0,0,0,0,0,0,0,0,0,0,0,0,0,0,0,0,0,0,0,0,0,0,0,0,0,0,0,0,1,0,0,0,0,0,0,0,0,0,0,0,0,0,0,0,0,0,0,0,0,0,0,0,0,0,0,0,0,0,0,0,0,0,0,0,0,0,0,0,0,0,0,0,0,0,0,0,0,0,0,0,0,0,0,0,0,0,0,0,0,0,0,0,0,0,0,0,0,0,0,0,0,0,0,0,0,0,0,0,0,0,0,0,0,0,0,0,0,0,0,0,0,0,0,0,0,0,0,0,0,0,0,0,0,0,0,0,0,0,0,0,0,0,0,0,0,0,0,0,0,7,0,0,0,0,0,0,0,0,0,0,0,0,0,0,0,0,0,0,0,0,0,0,0,0,0,0,0,0,0,0,0,0,6,22,158,22,0,0,0,0,21,14,0,0,0,0,4,0,0,0,0,0,0,0,0,0,0,20,7,6,0,0,0,0,5,0,0,0,0,75,0,0,0,0,0,0,0,0,0,0,131,79,0,0,1,84,0,0,0,0,0,0,0,0,0,0,0,0,0,0,0,0,0,0,0,0,1,0,0,0,0,0,0,0,0,0,0,0,0,0,0,0,0,0,0,0,0,0,0,0,0,0,0,0,0,0,0,0,0,0,0,0,0,0,0,0,0,0,0,0,0,0,0,0,0,0,0,0,0,0,0,0,0,0,0,0,0,0,0,0,0,0,0,0,0,0,0,0,0,0,0,0,0,0,0,0,0,0,0,0,0,0,0,0,0,0,0,0,0,0,0,0,0,0,0,0,0,0,0,0,0,0,0,0,0,0,0,0,0,0,0,0,0,0,0,0,0,0,0,0,0,0,0,0,0,0,0,0,0
LAPTM5,0,1,0,0,0,0,0,0,0,0,0,0,0,0,0,0,0,0,0,0,0,53,0,0,0,0,0,0,0,0,0,187,941,3,316,0,0,2,105,21,0,0,65,0,0,0,0,0,486,42,0,4,50,776,755,966,553,0,0,58,0,0,0,167,0,0,0,0,0,0,0,0,0,0,0,0,0,0,0,0,0,0,0,0,0,0,0,0,0,0,0,0,0,0,0,0,0,0,0,0,0,0,0,0,0,2,0,0,0,0,0,174,0,0,0,0,0,0,0,0,0,0,0,104,0,204,144,0,173,0,0,1,0,0,0,0,0,0,0,0,0,0,0,0,0,0,0,0,0,0,0,0,0,0,0,0,0,0,0,0,6,1,17,0,0,0,0,0,0,0,0,0,0,0,0,0,0,0,0,0,0,0,0,0,0,0,0,0,0,0,0,0,0,0,0,0,0,0,0,0,0,0,0,0,0,0,656,0,0,0,0,0,0,0,0,0,0,0,0,2,0,0,0,0,0,0,0,0,0,0,0,0,0,0,0,0,0,0,0,0,0,0,0,0,0,785,0,29,0,0,0,0,0,0,0,0,0,0,0,0,0,0,0,0,522,0,0,0,0,0,0,0,0,0,0,0,0,70,3,0,0,0,0,0,0,0,0,0,0,0,0,0,0,0,0,0,0,0,0,0,0,0,0,0,0,0,0,0,210,0,0,0,0,0,0,0,0,179,328,0,0,0,0,0,0,793,0,0,0,0,0,0,0,0,0,0,0,0,0,0,0,0,0,0,0,0,0,0,0,0,0,0,0,0,0,0,0,0,0,0,0,0,0,0,0,0,0,0,0,0,0,0,0,0,0,0,0,0,0,0,0,0,0,0,0,0,0,0,0,0,0,0,0,0,0,0,0,0,0,0,0,0,0,0,0,0,0,0,0,0,0,0,0,0,0,0,0,0,0,0,0,0,0,0,0,0,0,0,0,0,0,0,89,0,0,0,0,0,0,0,0,0,0,0,0,0,0,0,0,0,0,0,0,0,0,0,0,0,0,0,0,0,0,0,0,0
LCP1,0,0,0,0,0,0,0,0,0,0,0,0,0,0,0,0,0,0,0,0,0,0,0,0,0,0,0,0,0,0,0,0,0,15,239,0,0,0,266,8,0,0,0,0,0,0,0,0,101,99,0,0,144,28,72,3166,1901,0,0,28,0,0,0,378,0,0,0,0,0,0,0,0,0,0,0,0,0,0,0,0,0,0,0,0,0,0,0,0,0,0,0,0,0,0,0,0,0,0,0,0,0,0,0,0,0,5,0,0,0,0,0,0,1,0,0,0,0,0,0,0,0,0,104,0,0,179,1,0,36,0,0,1,0,0,0,0,0,0,0,0,0,0,0,0,0,0,0,0,0,0,0,0,0,0,0,0,0,0,0,0,134,0,0,0,0,0,0,0,0,0,0,0,0,0,0,0,0,0,0,0,0,0,0,0,0,0,0,0,0,0,0,0,0,0,0,0,0,0,0,0,0,0,0,0,0,0,221,0,0,0,0,0,0,0,0,0,0,0,0,0,0,0,0,0,0,0,0,0,0,0,0,0,0,18,0,0,0,0,0,0,0,0,0,0,0,360,0,0,0,0,0,0,0,0,0,0,0,0,0,1,0,1,0,0,76,0,0,0,0,0,0,0,0,0,0,0,0,0,0,0,0,0,0,0,55,0,0,0,0,0,0,9,0,0,0,0,0,0,0,0,0,0,0,0,0,0,0,0,0,0,0,0,0,0,0,0,0,6,707,0,0,0,0,0,0,68,0,0,0,0,0,0,0,0,0,0,0,0,0,0,0,0,0,0,0,0,0,0,0,0,0,0,0,0,0,0,0,0,0,0,0,0,0,0,0,0,0,0,0,0,0,0,0,0,0,0,0,0,0,0,0,0,0,0,0,0,0,0,0,0,0,0,0,0,0,0,0,0,0,0,0,0,0,0,0,0,0,0,0,0,0,0,0,0,0,0,0,0,0,0,0,0,0,0,0,0,0,0,0,0,0,0,0,0,0,0,0,0,0,0,1,0,0,0,0,0,0,0,0,0,0,0,0,0,0,0,0,0,0,0,0,0,0,0,0,0
LHFPL3,117,636,0,6,0,1739,1,0,0,0,0,0,0,0,0,9,165,0,0,0,93,0,210,260,1,0,0,2127,0,0,0,0,11,6,2,12,132,73,7,5,408,21,607,29,207,567,83,0,1,1,80,502,0,1,0,0,0,1842,0,0,0,0,0,0,0,0,5,0,0,204,0,0,12,0,0,0,0,0,0,0,0,0,0,61,0,0,0,22,0,0,0,0,0,0,0,0,0,0,0,0,0,0,1,0,0,1,0,0,0,0,0,83,0,0,0,0,0,0,0,0,0,0,0,0,0,0,0,0,0,0,0,0,0,0,0,0,0,0,0,0,0,0,0,0,0,0,0,0,0,0,0,0,102,0,48,0,0,0,0,0,0,38,0,0,0,0,0,0,0,0,0,0,0,0,0,0,0,0,0,0,0,0,0,0,0,0,0,0,0,0,0,0,0,0,0,0,0,0,0,0,0,0,0,0,1,0,0,0,0,0,0,0,0,0,0,0,0,0,0,0,0,0,0,0,0,0,0,0,0,0,0,0,0,0,547,0,8,0,0,0,0,0,0,0,0,0,0,0,0,0,0,0,0,0,0,0,0,0,0,0,209,140,0,0,2,0,0,69,59,0,0,0,0,0,0,0,0,0,0,92,0,0,0,3,0,35,0,0,0,0,19,0,0,0,49,0,0,0,77,0,1,0,0,0,0,0,0,1199,2699,0,0,250,418,0,0,0,0,0,0,0,0,0,0,0,0,0,0,0,0,0,0,0,0,1,0,0,0,185,0,0,0,0,0,0,0,0,0,0,0,0,0,0,0,0,0,0,0,0,0,0,0,0,0,0,0,0,0,0,81,0,0,0,0,0,0,0,0,0,0,0,0,0,0,0,0,0,0,0,0,0,0,0,0,0,0,0,53,0,0,0,14,0,0,0,0,0,0,0,0,0,0,0,0,0,0,0,0,0,0,0,0,0,0,0,0,0,0,0,0,0,0,0,0,0,0,0,0,0,0,0,0,0,0,0,0,252,0,0,0,0,0,0,0,0,366,0,0,0,0,0,0,0,0,0,0,0
MAG,7,0,2,0,0,0,6,0,2,1,0,0,0,0,0,0,3,0,3,27,8,3,0,6,0,0,3,0,1,4,0,11,0,0,0,0,0,0,0,0,0,0,0,0,0,0,4,0,0,0,0,0,0,0,0,0,0,0,0,0,0,0,0,0,0,0,0,0,0,0,0,0,0,1262,0,0,0,0,0,0,0,0,0,0,0,0,0,0,0,0,0,0,0,0,0,0,0,0,0,0,0,0,0,0,0,0,0,0,0,0,0,0,0,0,0,0,0,0,0,0,0,0,0,0,0,0,0,0,0,0,0,0,0,0,0,0,0,0,0,0,0,0,0,0,0,0,0,372,0,0,0,0,0,0,0,0,0,0,0,0,0,0,0,0,0,0,0,0,0,0,0,0,0,0,0,0,0,0,0,0,0,0,0,0,0,0,0,0,0,0,0,0,0,0,0,0,0,0,0,0,0,0,0,0,0,0,0,0,0,0,0,0,0,0,3,0,0,249,0,0,4,0,58,0,0,0,209,0,0,0,0,0,0,0,0,0,0,0,2,0,0,2,0,0,0,0,0,49,1,1,0,0,3,104,0,0,0,0,0,127,0,0,164,0,0,0,0,0,0,17,0,2,0,0,0,0,0,0,0,0,0,0,0,0,22,0,109,0,951,0,152,54,0,235,0,0,246,0,0,0,0,0,254,0,0,0,0,0,17,0,0,0,0,0,0,0,0,0,0,0,0,0,0,0,0,0,0,0,0,0,0,0,0,0,0,0,0,0,0,0,0,0,0,0,0,0,0,1,0,0,0,0,0,0,0,0,0,0,0,0,0,0,0,0,0,0,0,0,0,0,0,0,0,0,0,0,0,0,0,0,0,0,0,0,0,0,0,0,0,0,0,0,0,0,0,0,0,0,0,0,0,0,0,0,0,0,0,0,0,0,0,0,0,0,0,0,0,0,0,0,0,0,0,0,0,0,0,0,0,0,0,0,0,0,0,0,0,0,0,0,0,0,0,0,0,0,0,0,0,0,0,0,0,0,0,0,0,0,0,0,0,0,0,0,0,0
MEX3A,0,0,0,9,0,0,0,0,0,0,0,0,0,0,0,0,0,0,0,0,0,0,2,0,0,0,0,0,0,0,0,0,1,0,0,4,0,0,0,0,0,0,0,0,0,0,0,0,0,0,0,0,0,0,0,0,0,0,0,0,0,0,0,0,0,0,0,0,0,0,0,0,0,1,0,0,0,0,0,0,0,0,0,0,0,0,0,0,0,0,0,0,0,0,0,0,0,0,0,0,0,0,0,0,0,0,0,0,0,0,0,5,0,0,0,0,0,0,0,0,0,0,0,0,0,0,0,0,0,0,0,0,0,0,0,0,0,0,0,0,0,0,26,0,0,0,0,0,0,0,0,0,0,0,0,0,0,0,0,0,0,6,62,0,0,0,0,0,0,0,0,0,0,0,0,0,0,0,0,0,0,0,0,0,0,0,15,0,0,1,0,0,0,0,0,0,0,0,0,0,0,0,0,0,0,0,0,0,118,0,0,0,0,0,0,0,0,0,0,0,0,0,0,0,0,0,0,0,29,0,0,0,0,0,0,0,0,0,0,0,0,0,0,0,0,0,0,0,0,0,0,0,0,0,0,0,3,1,0,0,0,0,0,0,0,0,0,0,0,0,0,0,0,8,0,0,0,0,0,0,0,0,0,0,0,24,0,0,0,0,2,0,0,1,28,0,0,0,0,0,0,0,0,0,0,0,0,6,0,0,0,0,109,0,0,0,0,0,0,0,0,0,0,0,0,0,0,0,0,0,0,0,10,0,82,1,58,15,27,0,421,8,15,88,46,9,1,14,21,110,40,11,195,0,279,292,0,57,1,9,17,14,43,0,243,0,13,0,33,210,2,84,50,5,0,66,55,70,8,28,79,107,111,50,182,111,38,10,93,11,11,1,23,10,57,79,0,65,64,14,5,13,58,2,68,1,4,6,0,22,39,0,9,17,76,145,7,3,2,15,13,16,26,66,0,2,0,1,53,61,12,0,0,19,0,60,239,22,8,42,0,156,10,52,1,40,1,19,5,19,34,1,36,0,17,51,0,1,145,64,50,25,52,0,91,172
MGST1,0,0,0,0,0,1,0,0,0,0,0,0,0,0,27,0,0,0,0,0,0,1,0,0,4,0,0,0,0,0,0,1,0,0,0,0,0,0,0,0,0,0,0,0,0,0,0,0,0,0,0,0,0,0,0,0,0,0,30,0,0,372,0,0,0,17,1,35,0,0,0,0,0,0,0,0,156,1,7,0,0,0,0,0,0,0,0,0,0,0,0,0,0,0,1068,20,0,0,559,4,0,0,0,0,185,1,0,0,622,0,731,0,0,0,0,0,0,0,0,0,0,0,0,0,0,0,0,25,0,0,0,0,0,0,0,529,167,3,0,139,162,0,219,1,251,776,414,25,125,295,231,19,0,160,0,22,116,26,168,0,49,0,2,88,0,0,0,0,0,0,0,0,511,0,508,0,0,77,77,420,441,102,172,154,0,339,148,0,407,539,144,0,71,366,1738,399,281,316,339,190,681,0,800,140,246,23,0,693,1410,0,98,3,0,0,0,1,0,0,0,0,0,0,0,0,0,295,0,0,0,0,0,0,0,0,0,0,0,0,44,0,0,0,0,0,0,0,0,0,0,0,0,0,0,0,0,0,0,0,0,0,0,0,0,0,0,0,0,0,0,0,0,81,0,0,0,0,1,0,0,0,0,0,0,0,0,0,0,0,0,0,0,0,0,0,0,0,0,587,0,0,0,0,0,645,0,0,0,5,0,0,0,0,0,294,120,0,179,0,0,0,55,0,365,0,0,0,0,0,0,0,421,65,0,0,0,0,0,0,0,0,0,0,0,0,0,0,0,0,0,0,0,0,0,0,0,0,0,0,0,0,0,0,0,0,0,0,0,0,0,0,0,0,0,0,0,0,0,0,0,0,0,0,0,188,0,0,26,0,0,0,0,0,0,0,0,0,0,0,0,9,0,0,0,0,0,0,0,0,0,0,0,0,0,0,0,0,0,0,0,0,0,0,0,0,0,0,0,0,0,0,0,0,0,0,0,0,0,0,0,0,0,0,0,0,0,0,248,0,0,0,0,3,0,0,0,0,0,0,0,0,0,0,0,0,0,0
MKI67,0,0,0,0,0,0,0,0,0,0,0,0,0,0,0,0,0,0,0,0,0,0,0,0,0,0,0,0,0,0,0,0,0,0,0,0,0,0,0,0,0,0,0,0,0,0,0,0,0,0,0,0,0,0,0,0,0,0,0,0,0,0,0,0,0,0,0,0,0,0,0,0,0,0,0,0,0,0,0,0,0,0,0,0,0,0,0,0,0,0,0,0,0,0,0,0,0,0,0,0,0,0,0,0,0,5,0,0,0,0,0,0,0,0,0,0,0,0,0,0,0,0,0,0,0,0,0,0,0,0,0,0,0,0,1,0,0,0,0,0,0,1,0,0,0,0,0,0,0,0,0,15,0,0,0,0,0,0,0,0,0,0,0,0,0,0,0,0,0,0,0,0,0,0,0,0,0,0,0,0,0,0,0,0,0,0,0,0,0,0,0,0,0,0,0,0,0,0,0,0,0,0,0,0,0,0,0,0,0,0,0,0,0,0,0,0,0,0,0,0,0,0,0,0,0,0,0,0,0,0,0,0,0,0,0,0,0,0,0,0,0,0,0,0,0,0,0,0,0,0,0,0,0,0,0,0,0,0,0,0,0,0,0,0,0,0,0,0,0,0,0,0,0,0,0,0,0,0,0,0,0,0,0,0,0,0,0,0,0,0,0,0,0,0,0,0,0,0,0,0,0,0,0,0,0,0,0,0,0,0,0,0,0,0,0,0,0,0,0,0,0,1,0,0,0,0,0,0,0,0,0,0,1,40,0,778,1,0,16,128,0,0,0,0,2066,0,0,335,105,46,0,96,0,850,0,0,0,0,1,1,0,1,0,0,0,0,0,0,0,0,0,84,0,0,0,0,0,0,0,0,0,0,0,0,0,0,0,0,0,0,0,0,0,0,0,0,0,0,0,0,0,0,0,0,0,0,0,0,0,0,0,0,0,0,0,0,0,0,0,0,0,0,0,0,0,0,0,0,0,0,0,0,0,0,0,0,0,0,0,0,0,0,0,0,0,0,11,0,0,0,0,0,0,0,191,0,0,0,0,0,0,0,0,0,0,0
MOG,0,0,0,0,0,0,1,0,0,0,0,0,0,0,0,0,0,0,0,0,0,1,0,0,0,0,0,0,0,0,1,0,0,0,0,0,0,0,0,0,0,0,0,0,0,0,0,0,0,0,0,0,0,0,0,0,0,0,0,0,0,0,0,0,0,0,0,0,0,0,0,0,0,2,0,0,0,0,0,0,0,0,0,0,0,0,0,0,0,0,0,0,0,0,0,0,0,0,0,0,0,0,0,0,0,0,0,0,0,0,0,0,0,0,0,0,0,0,0,0,0,0,0,0,0,0,0,0,0,0,0,0,0,0,0,0,0,0,0,0,0,0,0,0,0,0,0,1,0,0,0,0,0,0,0,0,0,0,0,0,0,0,0,0,0,0,0,0,0,0,0,0,0,0,0,0,0,0,0,0,0,0,0,0,0,0,0,0,0,0,0,0,0,0,0,0,0,0,0,0,0,0,0,0,0,0,0,0,0,0,0,0,0,0,17,0,0,3,0,0,9,0,9,0,0,0,6,0,0,0,0,0,0,0,0,0,0,0,9,0,0,5,0,0,2,0,0,9,92,21,0,0,8,33,13,0,0,0,0,24,0,0,8,0,3,0,0,0,0,37,0,5,0,6,0,0,0,0,0,0,4,0,0,0,74,0,31,0,22,0,25,57,0,9,1,0,1,1,0,0,0,0,22,0,0,0,0,0,9,16,0,0,0,0,0,0,0,0,0,0,0,0,0,0,0,0,0,0,0,0,0,0,0,0,0,0,0,0,0,0,0,0,0,0,0,0,0,0,0,0,0,0,0,0,0,0,0,0,0,0,0,0,0,0,0,0,0,0,0,0,0,0,0,0,0,0,0,0,0,0,0,0,0,0,0,0,0,0,0,0,0,0,0,0,0,0,0,0,0,0,0,0,0,0,0,0,0,0,0,0,0,0,0,0,0,0,0,0,0,0,0,0,0,0,0,0,0,0,0,0,0,0,0,0,0,0,0,0,0,0,0,0,0,0,0,0,0,0,0,0,0,0,0,0,0,0,0,0,0,0,0,0,0,0,0,0
NEUROD2,0,0,0,0,0,0,0,0,0,0,0,0,0,0,0,0,0,0,0,0,0,0,0,0,0,0,0,0,0,0,0,0,0,0,0,0,0,0,0,0,0,0,0,0,0,0,0,0,0,0,0,0,0,0,0,0,0,0,0,0,0,0,1,0,0,0,0,0,0,0,0,0,0,0,0,0,0,0,0,0,0,0,0,0,0,0,0,0,0,0,17,5,0,0,0,0,0,0,0,0,0,0,0,0,0,1,0,0,0,0,0,0,0,24,0,0,0,5,0,0,0,0,0,0,0,0,0,0,0,0,0,0,0,0,0,0,0,0,0,0,0,0,0,0,0,0,0,0,0,0,0,0,0,0,0,0,0,0,0,0,0,12,0,0,0,0,0,0,0,0,8,0,0,0,0,0,0,0,0,0,0,0,0,0,0,0,0,0,0,0,0,0,7,0,0,0,0,0,0,0,0,0,0,0,0,0,0,0,0,0,0,0,0,6,0,0,0,0,0,0,0,0,0,0,2,0,0,0,0,0,0,0,0,0,0,0,0,0,0,0,0,0,0,0,0,0,0,0,0,0,0,0,0,0,0,0,0,8,0,0,0,0,0,0,0,0,0,0,0,2,0,0,4,0,3,0,0,2,0,0,0,0,92,0,0,0,0,0,0,0,0,0,0,0,0,0,0,0,0,0,88,0,0,0,0,0,0,0,0,0,0,0,0,0,0,0,0,0,0,0,0,0,0,0,0,0,0,1,0,0,0,0,0,0,0,0,0,0,0,0,5,2,14,0,0,13,187,0,0,0,0,0,1,0,108,6,38,2,26,0,29,37,6,3,49,0,0,13,0,23,5,0,3,0,2,16,11,7,7,1,6,0,2,0,2,4,0,8,0,4,0,5,30,12,6,54,0,0,34,14,0,0,16,0,23,0,20,2,25,4,0,22,0,1,14,3,7,20,0,0,15,51,1,2,12,6,33,21,0,28,0,9,39,33,5,67,29,22,17,14,0,55,2,0,25,1,0,44,54,4,0,4,6,0,0,0,6,0,0,1,2,0,13,12,50,19
NEUROD6,0,0,0,0,51,0,0,0,0,0,0,0,0,0,0,0,0,0,1,0,0,0,0,0,0,0,0,0,0,0,0,0,0,0,0,0,0,0,0,0,0,0,0,0,0,0,0,0,0,0,0,0,0,0,0,0,0,0,0,0,0,0,5,0,0,0,17,0,0,0,0,0,0,0,0,0,0,0,0,0,0,0,0,0,0,0,47,0,0,296,195,514,0,0,0,0,0,0,0,0,11,0,0,0,0,1,0,0,0,0,0,0,0,0,0,0,0,0,0,0,0,0,0,0,0,0,0,0,0,0,0,0,0,0,0,0,0,0,0,0,0,0,0,0,0,0,0,0,0,0,0,0,0,0,0,0,0,0,0,0,0,16,0,0,0,0,0,356,0,0,242,2,0,0,0,0,0,0,0,0,0,0,0,0,0,0,0,0,0,0,0,7,0,0,0,1,0,0,0,0,0,0,0,0,0,0,0,0,0,0,0,0,0,140,0,0,0,1,0,0,368,0,0,0,0,0,0,0,0,0,0,0,0,0,0,0,0,0,13,0,0,0,0,619,0,0,0,0,0,0,0,0,0,0,0,0,1,48,1,1,0,0,0,0,0,1,0,0,0,0,0,0,7,12,2,0,0,0,0,0,0,0,243,0,0,0,0,0,0,0,0,0,0,0,0,872,0,2,6,0,0,0,0,0,0,299,0,33,0,0,0,1,0,0,0,0,0,0,0,0,0,0,0,0,0,0,0,0,0,71,0,0,0,0,0,0,0,0,0,0,448,58,23,0,0,0,1247,0,0,0,86,0,1,0,1,49,0,0,1406,0,69,362,499,147,1397,492,1757,99,320,60,1182,0,126,994,589,1560,1982,82,1289,53,61,1,1056,472,1064,1,178,167,0,449,1330,0,439,450,87,705,44,525,255,364,0,848,800,1,1347,23,103,393,691,789,1640,769,561,264,945,91,1021,126,17,0,25,1297,646,681,291,5,192,661,0,43,0,355,1572,498,0,1675,1096,325,1347,1392,0,1,1084,434,961,39,58,627,592,116,1965,597,13,162,0,376,1,379,2,1,215,938,208,4,331,721
OLIG1,52,0,7,0,0,40,2,34,0,0,22,0,0,0,0,0,6,0,76,19,75,109,62,8,1,0,0,0,96,27,32,0,3,62,0,35,71,84,0,9,14,1,15,89,15,74,52,266,0,0,196,20,22,8,1,0,0,113,0,0,0,0,0,0,19,0,0,0,0,0,0,0,0,56,0,0,0,0,0,0,0,0,0,0,0,0,0,0,0,0,0,0,0,0,0,0,0,0,0,0,0,0,0,0,0,1,0,0,0,0,0,0,0,0,0,0,0,0,0,0,0,0,0,0,0,7,0,0,0,15,0,0,0,0,0,0,0,0,0,0,0,0,0,0,0,0,3,943,0,0,0,0,0,0,0,0,0,0,0,0,13,0,0,0,0,0,0,0,0,0,0,0,0,0,0,0,0,0,0,0,0,0,0,21,0,0,0,0,0,0,0,0,0,0,0,0,0,0,0,0,0,0,14,0,0,0,0,0,0,0,0,0,0,0,29,0,0,48,0,0,1,0,123,4,0,5,124,0,0,0,0,0,0,0,0,0,6,0,31,0,0,95,0,0,0,0,0,0,257,12,0,0,42,8,1,0,0,0,0,47,332,221,60,0,12,1,0,128,4,39,0,19,0,35,0,1,0,0,0,36,4,0,0,92,196,38,21,0,48,0,24,98,0,33,16,0,134,43,0,0,0,0,438,16,0,0,0,57,540,3,0,251,350,53,0,0,0,0,0,25,0,0,0,0,0,0,0,0,0,0,0,0,0,0,0,0,0,376,0,0,0,0,0,0,0,0,0,239,0,0,0,0,0,0,0,0,0,0,0,0,0,0,0,0,0,0,0,0,0,0,0,0,0,0,0,0,0,0,0,0,0,0,0,0,0,0,0,0,0,0,0,0,0,0,0,0,0,0,0,0,0,0,0,0,0,0,0,0,0,0,0,0,0,0,0,0,0,0,0,0,0,0,0,0,0,0,0,0,0,0,0,0,0,0,0,0,0,0,0,0,0,0,0,0,0,101,0,0,0,0,0,0,0,0,194,0,0,0,0,0,0,0,0,0,0,0
OPALIN,1259,0,1645,56,63,4,1397,0,269,1171,782,1,29,57,73,37,332,301,885,2014,766,3555,38,650,98,34,889,0,1995,1261,1706,465,191,0,9,0,0,0,0,0,38,87,0,0,35,0,771,167,2,1,0,0,3220,0,0,0,0,0,0,0,0,0,0,0,0,0,0,0,0,0,0,0,0,348,0,0,0,0,0,0,0,0,0,0,0,0,0,0,0,0,0,0,0,0,0,0,0,0,0,0,0,0,0,0,0,2,0,0,0,0,0,0,0,0,0,0,0,0,0,0,0,0,0,0,0,0,0,0,0,0,0,0,0,0,0,0,0,0,0,0,0,0,0,0,0,0,0,676,0,0,0,0,0,0,0,0,0,0,0,0,0,0,0,0,0,0,0,0,0,0,0,0,0,0,0,0,0,0,0,0,0,0,0,0,0,0,0,0,0,0,0,0,0,0,0,0,0,0,0,0,0,0,0,0,0,0,0,0,0,0,0,0,0,0,565,0,0,1440,0,0,225,2,404,0,0,9,1016,0,1,0,0,0,0,0,0,0,5,0,517,0,0,1119,0,0,67,0,0,1765,0,866,0,0,744,410,1019,0,8,134,5,847,0,0,1631,0,0,317,0,0,27,856,0,292,0,0,0,0,0,0,4,0,9,0,0,1,3674,0,71,0,1055,0,0,2817,11,3778,0,0,163,0,0,3,1,0,968,0,111,0,0,0,333,1549,0,0,0,0,0,0,0,0,0,0,0,0,0,0,0,0,0,0,0,0,0,0,0,0,0,0,0,0,0,0,0,0,0,0,0,0,0,0,0,0,0,0,0,0,0,0,0,0,0,0,0,0,0,0,0,0,0,0,0,0,0,0,0,0,0,0,0,0,0,0,0,0,0,0,0,0,0,0,0,2,0,0,0,0,0,0,0,0,0,0,0,0,0,0,0,0,0,0,0,0,0,0,0,0,0,0,0,0,0,0,0,0,0,0,0,0,0,0,0,0,0,0,0,0,0,0,0,0,0,0,0,0,0,0,0,0,0,0,0,0,0,0,0,0,0,0,0,0,0,0,0,0,0,0,0,0
PAMR1,0,0,0,0,0,0,0,0,0,0,0,0,0,0,113,0,0,0,0,0,0,0,0,0,0,0,0,0,0,0,0,0,0,2,0,0,0,0,0,0,0,0,0,0,0,0,0,0,0,0,0,0,0,0,0,0,0,0,0,0,0,68,58,0,0,10,0,4,0,0,0,1,0,0,0,0,790,0,0,0,0,0,0,0,0,0,0,0,0,0,0,0,0,0,576,0,0,0,1547,1,0,0,0,0,0,4,0,0,55,0,55,39,0,0,0,0,0,0,0,0,1,1,0,0,0,0,0,0,0,13,0,0,0,0,0,37,5,0,3,18,81,0,192,0,376,14,1,2,9,73,484,283,0,19,6,558,0,0,1734,1,11,0,2,5,0,0,0,0,0,0,0,0,2211,2,0,0,4,424,35,153,25,112,10,233,14,208,379,1,6,3,66,528,76,23,52,10,1,6,32,145,34,181,792,26,2,6,8,412,868,6,45,675,150,0,0,0,0,0,7,0,130,0,0,0,0,747,0,0,0,0,0,0,0,0,0,0,0,0,0,0,0,0,0,0,0,0,0,0,0,0,0,0,0,0,0,0,0,0,45,0,0,0,0,0,0,0,0,0,0,0,0,2,0,0,0,0,0,0,0,0,0,0,0,0,0,0,0,0,0,0,0,0,0,0,0,0,0,220,0,0,0,0,0,1,0,0,0,154,0,0,0,0,0,29,0,0,8,0,0,0,0,0,160,0,0,0,0,0,58,0,44,0,0,0,0,0,0,0,0,0,0,0,0,0,0,0,0,0,0,0,0,0,0,0,0,0,0,0,0,0,0,0,0,0,0,0,0,0,0,0,0,0,0,0,0,0,0,0,0,0,0,0,0,0,0,0,0,0,0,1,102,0,0,0,0,0,0,0,0,0,0,0,0,0,0,0,0,0,0,0,0,0,0,0,0,0,0,0,0,0,0,0,0,0,0,0,0,0,0,0,0,0,0,0,0,0,0,0,0,0,0,0,0,0,0,0,0,0,0,0,0,0,0,0,0,0,0,0,0,0,0,0,0,0,0,0
PCDH15,5,0,0,1,47,132,0,0,0,1,0,0,17,0,0,0,0,0,1,0,0,0,800,0,0,53,1,0,0,0,0,0,33,6,0,1346,46,3,0,0,57,50,75,318,698,564,313,984,0,0,243,883,0,0,0,0,48,2303,0,0,0,0,0,0,0,0,0,0,307,0,47,0,0,0,0,51,0,0,0,0,409,1,0,0,0,232,0,0,0,0,0,0,0,0,0,0,0,86,0,0,19,0,17,0,0,7,0,0,0,2,0,0,0,0,108,0,0,0,0,0,0,0,0,0,0,0,0,0,0,0,1,0,0,0,1,0,0,0,10,0,0,0,0,121,39,0,0,0,109,0,0,0,1,0,0,0,0,106,0,0,0,0,0,441,0,0,0,204,0,0,0,44,0,84,0,1,44,0,0,0,0,81,0,0,0,0,0,0,0,0,0,0,147,0,0,0,0,0,0,0,0,0,0,95,0,89,0,0,0,0,0,0,0,0,0,0,0,0,0,0,0,0,0,0,0,0,0,0,0,2,0,0,3,0,0,0,0,0,0,0,0,0,56,0,872,0,1,0,0,0,0,0,0,0,0,0,0,0,4,0,131,215,0,0,0,0,0,362,16,0,0,0,0,19,0,1,1,0,0,48,0,0,0,402,0,1257,6,0,0,0,79,1,0,0,211,1,0,0,1,49,0,0,0,0,0,0,13,860,1007,0,0,78,2747,0,0,0,0,0,0,0,0,0,0,0,116,0,0,0,0,0,0,0,0,0,0,0,0,0,0,0,0,0,0,0,0,0,0,0,0,0,0,0,0,0,0,128,0,0,0,0,0,0,0,0,0,0,0,0,0,7,0,0,0,0,0,0,0,0,0,0,0,0,0,175,0,0,0,0,0,0,0,0,0,0,0,0,0,0,0,13,0,0,0,0,0,0,0,0,0,0,0,0,0,0,0,0,0,0,0,0,0,0,0,0,0,0,0,0,0,0,0,0,0,0,0,0,0,0,0,0,0,0,0,0,0,0,0,0,0,0,0,0,0,0,338,0,0,0,0,0,0,0,0,0,0,0
PDGFRA,47,0,0,39,318,679,0,0,0,1,0,0,7,0,0,11,377,1,1,1,0,0,1176,0,0,0,0,0,0,0,0,0,55,1159,0,869,590,799,0,0,47,0,107,440,33,348,234,92,1,0,34,951,0,53,0,0,0,1902,0,0,0,0,0,0,0,0,0,0,0,0,0,0,0,0,5,0,0,0,11,0,0,0,0,0,0,0,0,0,0,0,0,0,76,0,0,0,0,0,0,2,0,0,0,0,0,4,0,0,0,0,0,0,0,0,0,0,0,0,0,0,0,0,0,0,0,0,0,0,0,0,0,0,0,0,0,0,0,0,0,0,0,0,0,0,0,0,0,0,0,0,0,0,1,0,0,0,0,0,0,0,0,0,0,0,0,0,0,0,0,0,0,0,0,0,0,0,0,0,0,0,0,0,0,0,0,0,536,0,0,1,0,0,0,0,0,0,1,0,0,0,0,0,0,0,0,1,0,0,0,0,0,0,434,0,0,0,0,0,0,0,1,0,0,0,0,621,0,14,0,0,0,0,2,0,0,0,0,0,6,0,0,0,0,0,0,0,0,0,0,0,0,10,0,0,0,0,16,1,0,0,506,660,0,0,0,0,0,579,4,0,1,0,0,0,0,1,1,0,0,226,266,0,0,1561,0,993,0,0,0,1,0,0,0,0,0,0,0,0,0,1,1,0,2,0,0,0,2,1299,911,1,0,668,0,0,0,0,0,0,0,0,0,0,0,15,0,0,0,0,0,0,0,0,0,0,0,0,0,5,0,0,0,0,0,0,0,0,0,42,0,0,0,0,0,0,0,0,0,0,0,0,0,0,0,0,0,0,0,0,0,0,0,0,0,0,6,0,0,0,0,0,0,0,0,0,0,0,0,0,0,0,0,0,0,0,0,0,0,0,0,0,0,0,0,0,0,0,0,0,0,0,408,0,0,0,0,0,0,0,0,0,1,0,0,0,0,0,0,0,0,0,0,0,0,0,0,0,0,0,0,0,0,0,0,0,0,226,2,0,1,0,0,0,0,0,1126,0,0,0,0,0,0,0,1,0,0,0
PRODH,0,0,0,0,0,0,0,0,0,0,0,0,0,0,0,0,0,0,0,0,0,0,0,0,0,0,0,0,0,0,0,0,0,0,0,0,0,0,0,0,0,0,0,0,0,0,0,0,0,0,0,0,0,0,0,0,0,0,0,69,0,601,164,0,0,13,0,104,1,0,0,0,0,0,0,9,0,0,0,0,0,0,0,0,0,0,0,0,0,86,0,0,0,0,70,0,0,0,201,0,0,0,0,0,175,3,0,0,352,0,42,0,0,0,0,0,0,0,0,0,0,44,0,0,0,0,0,91,0,7,0,0,0,0,0,2,41,31,0,22,243,0,126,0,8,0,3,0,51,61,384,38,1,1,13,41,200,4,383,0,347,1,89,10,0,0,0,0,0,0,0,0,157,0,234,1,37,0,5,90,19,0,5,207,0,83,15,1,222,14,271,0,91,145,21,87,2,324,105,0,135,519,172,6,8,1,44,65,43,0,288,538,0,0,0,0,0,0,1,0,0,0,0,0,1,0,0,0,0,0,0,0,0,0,0,0,0,0,0,0,0,0,0,0,0,0,0,0,0,0,0,0,0,0,0,0,0,0,0,0,38,0,0,0,0,0,0,0,0,0,0,12,0,1,0,0,0,0,0,0,0,0,0,0,8,0,0,0,0,0,0,0,0,0,0,0,0,4,0,0,0,0,1,8,19,0,0,0,0,0,0,15,0,12,0,269,6,0,0,0,0,0,55,0,0,0,0,0,61,0,46,2,0,0,0,0,0,0,0,0,0,0,0,0,0,0,0,0,0,0,0,0,0,0,0,0,0,0,0,0,0,0,0,0,0,0,0,0,0,0,0,0,0,0,0,0,0,0,0,0,0,0,0,0,0,0,0,0,0,0,0,0,0,0,0,0,0,0,0,0,0,0,0,0,0,0,0,0,0,0,0,0,0,0,0,0,0,0,0,0,0,0,0,0,0,0,0,0,0,0,0,0,0,0,0,0,0,0,0,0,0,0,0,0,0,0,0,0,0,0,0,0,0,0,0,0,0,0,0,0,0,0,0,0,0,0
RNASE1,24,2,27,0,2,7,53,6,56,186,58,2,0,5,0,2,20,3,119,60,46,76,8,11,1,1,29,0,42,97,128,190,0,0,0,0,0,1,0,0,41,0,0,0,0,0,1,3,0,0,0,0,93,0,0,0,4,0,0,0,0,0,0,0,0,0,0,0,0,0,0,0,0,218,0,0,0,0,0,0,0,0,0,0,0,0,0,0,0,0,11,0,0,0,0,0,0,0,0,0,0,0,0,0,0,0,0,5,0,0,0,0,0,0,0,0,0,0,0,0,0,0,468,0,336,0,0,0,0,0,0,0,0,0,0,0,0,0,0,0,0,0,0,0,0,0,0,2606,0,0,0,0,0,0,0,0,0,0,0,0,0,0,0,0,0,0,0,0,0,0,0,0,0,0,0,0,0,0,0,0,0,0,0,0,0,0,0,0,0,0,0,0,0,0,0,0,0,0,0,0,0,0,0,0,0,0,0,0,0,0,0,0,0,63,1647,0,0,1767,31,0,86,38,297,667,0,148,1634,1,81,77,0,0,0,0,0,0,2,442,468,0,0,1008,0,0,2,0,0,1162,1330,415,0,0,756,400,640,0,0,0,0,1338,0,9,1666,0,1,0,0,0,48,812,1,95,0,0,0,0,0,0,0,0,0,26,0,0,2172,22,1052,0,1648,10,0,624,100,168,0,0,814,0,8,0,0,0,584,0,0,0,0,0,880,1132,0,0,0,0,0,0,0,0,0,0,0,0,0,1,0,598,0,0,0,1,0,0,0,0,0,0,0,0,0,0,0,0,0,0,0,0,0,0,0,0,0,0,1,0,0,0,0,0,0,0,0,0,0,0,0,0,0,0,0,0,0,0,0,0,0,0,0,0,0,0,0,0,0,0,0,0,0,0,0,0,0,0,0,0,0,0,0,0,0,0,0,0,0,0,0,0,0,0,0,0,0,0,0,0,0,0,0,0,0,0,0,0,0,0,0,0,0,0,0,0,0,0,0,0,0,0,0,0,0,0,0,0,0,0,0,0,0,0,0,0,0,0,0,0,0,0,0,0,0,0,0,0,0,0,0,0
RRM2,0,0,0,0,0,0,0,0,0,0,0,0,0,0,0,0,0,0,0,0,0,0,0,0,0,1,0,0,0,0,0,0,0,0,0,0,0,0,0,0,0,1,0,0,0,0,0,0,0,0,0,0,0,0,0,0,0,0,0,0,0,0,0,0,0,0,0,0,0,0,0,0,0,0,0,0,0,0,0,0,0,0,0,0,0,0,0,0,0,0,0,0,0,0,0,0,0,0,0,0,0,0,0,0,0,1,0,0,0,0,0,0,0,0,0,0,0,0,0,0,0,0,0,0,0,0,0,0,0,0,0,0,0,0,0,0,0,0,0,0,0,0,0,0,0,0,0,0,0,0,0,0,1,0,0,0,0,0,0,0,0,0,0,0,0,2,0,0,0,0,0,0,0,0,0,0,0,0,0,0,0,0,0,0,0,0,0,0,0,0,0,0,0,0,0,0,0,0,0,0,0,0,0,0,0,0,0,0,0,0,0,0,0,0,0,0,0,0,0,0,0,0,0,0,0,0,0,0,0,0,0,0,0,0,0,0,0,0,0,0,0,0,0,2,0,0,0,0,0,0,0,0,0,0,0,0,0,0,0,0,0,0,0,0,0,0,0,0,0,0,0,0,0,0,0,0,0,0,0,0,0,0,0,0,0,0,0,0,0,0,0,1,0,0,0,0,0,0,0,0,0,0,0,0,0,0,0,0,0,0,0,0,0,0,0,0,0,0,0,0,0,0,0,0,0,0,0,0,0,0,0,0,11,1140,0,282,0,0,0,239,0,0,0,0,43,0,0,64,117,61,0,272,0,20,0,0,0,0,0,0,0,0,0,0,0,0,0,0,0,0,0,313,0,0,0,0,0,0,0,0,0,0,0,0,0,0,0,0,0,0,0,0,0,0,0,0,0,0,0,0,0,0,0,0,0,0,0,0,0,0,0,0,0,0,0,0,0,0,0,0,0,0,0,0,0,0,0,0,0,0,0,0,0,0,0,0,0,0,0,0,0,0,0,0,0,0,2,0,0,0,0,0,0,0,22,0,0,0,0,0,0,0,0,0,0,0
SAPCD2,2,0,17,0,0,14,0,0,0,0,0,0,0,0,0,0,0,0,0,0,0,0,5,0,0,0,0,0,0,0,0,0,0,4,0,0,9,5,0,0,22,0,1,5,1,4,13,0,0,0,63,11,0,0,0,0,0,28,0,0,0,0,0,0,0,0,0,0,0,0,0,0,0,0,0,0,0,0,0,0,0,0,0,0,0,0,0,0,0,0,0,0,0,0,0,0,0,0,0,0,0,0,0,0,0,4,0,0,0,0,0,0,0,0,0,0,0,0,0,0,0,0,0,0,0,0,0,0,0,0,0,0,0,0,0,0,0,0,0,0,0,0,0,0,0,0,2,19,0,0,0,0,0,0,0,0,0,0,2,0,0,0,0,0,0,0,0,0,0,0,0,0,0,0,0,0,0,0,0,0,0,0,0,0,0,0,0,0,0,0,0,0,0,0,0,0,0,0,0,0,0,0,0,0,0,0,0,0,1,0,0,0,0,0,0,0,0,0,0,0,1,0,0,0,0,0,0,0,0,0,0,0,0,0,0,0,0,0,0,0,0,0,0,0,0,0,0,0,0,0,0,0,0,0,0,0,0,0,0,0,9,12,0,0,0,0,0,2,6,0,0,0,0,6,0,0,1,0,0,0,0,0,0,1,0,0,0,0,1,0,23,0,0,0,21,0,0,0,0,0,0,0,0,0,0,0,0,0,34,0,1,1,36,0,0,0,0,0,0,0,0,0,0,0,0,0,0,0,0,0,0,0,0,0,0,0,0,0,0,0,0,0,0,0,3,0,0,0,0,0,0,4,0,141,0,0,0,0,0,0,0,0,3,0,0,0,0,0,0,0,0,0,0,0,0,0,0,0,0,0,0,0,0,0,0,0,0,0,0,0,0,0,0,0,0,0,0,0,0,0,0,0,0,16,0,0,0,6,0,0,0,0,0,15,0,0,0,0,0,0,0,0,0,0,0,0,0,0,0,0,0,0,0,0,0,0,0,0,0,0,1,0,0,0,0,6,0,0,0,0,0,0,88,0,0,0,0,0,0,0,0,0,0,0,0,0
SATB2,193,0,0,0,0,0,0,0,0,0,0,0,0,0,0,0,0,0,0,405,0,233,0,0,0,0,0,0,0,162,38,0,0,0,0,0,0,0,0,0,0,0,0,0,0,0,0,0,0,0,0,0,0,0,0,0,0,0,0,0,0,0,96,0,0,0,235,1,0,0,0,0,0,0,0,0,0,0,0,0,0,0,0,0,0,0,70,0,0,882,27,216,0,0,0,0,0,0,0,30,277,577,0,0,0,0,0,21,0,0,30,0,0,0,0,0,0,0,0,0,0,0,0,0,0,0,0,0,0,0,1,0,2,0,0,1,0,0,0,0,0,0,0,0,0,0,0,0,0,0,0,0,0,0,0,0,0,0,0,0,0,305,0,0,0,0,0,63,0,0,215,125,0,0,0,0,3,2,4,1,1,3,12,2,5,253,1,2,1,235,3,28,16,0,779,1,0,5,1,4,4,5,10,0,0,0,0,0,191,0,0,0,0,3,0,0,0,0,0,0,2,0,42,0,0,0,0,0,0,0,0,0,0,0,0,0,0,0,0,0,0,0,0,232,0,0,0,0,0,0,0,0,0,0,0,0,0,0,0,0,0,0,0,0,0,0,0,0,0,163,0,2,2,0,0,0,1,0,0,0,0,0,167,0,0,0,0,0,559,0,0,0,0,1,0,294,197,0,4,0,0,0,292,0,0,1,0,0,32,0,0,0,0,1,0,0,0,0,0,1,0,0,0,0,0,0,0,0,0,0,0,0,1,0,0,0,1,0,1,0,8,2287,341,0,3,4,1078,2,0,1,726,0,0,0,8,2,1781,0,195,0,1147,0,597,1,2564,1,1332,131,345,324,1011,1,819,461,835,660,1171,133,1493,884,180,0,435,385,664,108,951,165,713,1106,0,7,129,0,556,613,5,214,454,1113,43,554,1856,0,2421,4,491,242,0,941,63,90,355,121,354,399,1719,647,0,0,27,135,96,914,413,584,286,1555,1,1269,1,580,580,1889,0,876,95,175,285,1080,4,1271,501,168,832,209,1,691,799,763,279,126,382,123,1,780,0,489,10,4,24,1262,154,829,927,100
SCG2,69,1706,0,207,95,5,0,804,474,885,0,568,3519,684,0,1020,604,679,0,0,41,0,0,0,1715,1008,1,888,0,0,0,0,0,16,61,43,4,334,0,0,0,753,774,0,0,693,485,0,0,0,846,0,0,18,0,0,0,0,2,181,1444,0,105,0,2542,33,14,7,105,640,14,326,56,8,79,3211,71,150,420,140,19,428,0,84,361,443,293,590,731,632,56,23,2359,410,2,1880,1428,335,1,0,1563,2,920,587,191,196,1029,36,614,363,1,1326,759,65,38,3719,6280,786,84,1210,212,0,0,0,0,0,0,1,0,0,1135,723,0,1,828,4,454,1438,3513,131,239,1197,209,7447,1303,195,0,2,2210,0,0,313,110,601,47,25,1,2066,0,2550,1,31,4365,3221,267,214,2645,161,4058,1082,1005,76,3,1022,6,1247,887,257,24,254,9,322,13,3,48,19,3869,617,158,36,88,17,179,5,26,17,9,239,38,1546,31,72,19,8357,1265,644,382,10,585,1684,3,2,0,502,0,0,710,1,1,0,167,51,0,0,676,1,1,2,79,348,574,0,744,76,427,1959,162,2292,0,360,3920,0,1617,316,589,0,0,0,0,0,279,0,0,0,0,0,976,221,602,614,739,24,18,170,237,2024,1380,288,129,275,1841,24,1041,36,1077,356,406,518,257,76,418,443,872,609,0,208,1200,385,102,1947,38,0,1403,5,1672,432,1,3,58,972,904,1903,29,9,2079,189,10,91,284,4,920,50,1,0,0,0,0,0,0,0,0,267,0,872,170,0,1,0,0,786,0,0,0,0,0,0,0,0,0,0,0,2496,0,0,0,0,0,0,1,0,0,0,0,0,0,0,0,0,0,0,223,0,0,0,0,0,0,0,0,0,0,0,62,38,0,0,0,0,0,0,0,58,0,0,156,0,11,0,0,0,0,0,0,0,0,0,0,1,0,0,1,0,64,0,0,0,0,0,0,501,0,0,0,0,96,0,266,0,0,0,18,52,0,0,0,0,0,0,0,151,0,0,13,0,0,187,144,0,84,38,0,58,0,86,1,0,0,4,427,0,0,0,0,0,0,151,0,0,0,0,0,263,57,0,350,5
SLC25A18,0,21,0,0,0,0,0,0,0,0,0,0,0,0,0,0,0,0,0,0,0,0,68,0,0,0,0,0,0,0,0,0,0,0,0,0,0,2,0,0,0,0,0,0,0,0,0,0,0,0,0,2,0,0,0,0,0,0,0,0,0,1,113,0,0,83,0,1622,0,0,0,0,0,0,0,7,0,0,0,0,0,0,0,50,0,0,0,18,0,0,0,0,0,0,114,0,0,0,17,0,3,0,0,0,822,1,0,0,105,0,171,0,0,0,0,0,0,0,383,0,0,5,0,0,0,0,0,0,0,844,0,0,0,0,0,659,44,2,0,209,217,0,291,0,486,3654,48,0,96,462,845,106,104,40,30,230,1082,5,574,0,1073,0,0,37,0,0,0,0,0,0,0,0,1661,227,597,2,19,87,76,887,1062,5,41,713,18,386,48,3,1720,943,636,140,193,395,519,13,96,7,467,616,252,485,1806,365,132,6,7,109,753,2,306,482,0,0,0,0,0,0,0,0,0,0,0,0,0,0,0,0,0,0,0,0,0,0,0,0,0,0,0,0,0,0,0,0,0,0,0,0,0,0,0,0,0,0,0,0,0,0,0,0,0,0,0,0,0,0,0,44,0,0,0,66,0,0,0,0,0,0,0,0,0,0,0,0,0,0,0,0,0,0,0,0,0,83,0,0,0,71,57,0,0,0,0,67,0,0,0,0,25,0,0,0,0,247,1,96,8,0,0,509,309,0,41,0,0,0,0,0,0,0,882,82,0,0,0,0,0,0,0,0,0,0,0,260,90,0,0,0,0,0,0,0,0,0,0,0,0,0,0,0,0,0,0,0,0,0,0,0,0,0,0,0,0,0,0,0,0,0,0,0,0,0,0,0,0,0,0,0,0,0,0,0,0,0,0,0,0,0,0,2,0,0,0,0,0,0,0,0,0,0,0,0,0,0,0,0,0,0,0,0,0,0,0,0,0,0,0,0,0,0,0,0,0,0,0,0,0,0,0,0,0,0,0,0,0,0,0,0,0,0,0,0,0,0,0,0,0,0,0,0,0,0,0,0,0,0
SLC39A12,1,0,0,0,0,1,0,0,0,0,0,0,0,0,0,0,0,0,0,0,0,0,0,0,0,0,0,0,0,0,0,0,0,0,0,0,0,0,0,0,0,0,0,0,0,0,1,0,0,0,0,0,0,0,0,0,0,0,0,0,0,875,0,261,0,0,0,477,0,0,0,0,0,0,0,0,0,0,0,0,0,0,0,0,0,0,0,0,0,0,0,0,0,0,159,0,0,0,91,0,0,1,0,0,49,2,0,0,901,0,445,0,0,0,0,0,0,90,0,0,0,35,0,0,0,0,0,36,0,0,0,0,0,0,0,227,1960,0,0,117,95,0,72,466,190,1113,444,0,0,108,281,0,0,548,0,271,20,38,664,0,540,0,29,55,0,0,0,0,0,0,0,0,1302,0,26,0,7,292,941,868,270,27,5,1074,18,247,1,5,166,23,87,92,131,47,22,11,776,10,696,1972,606,620,379,423,386,20,16,891,400,4,269,462,0,0,0,0,0,0,0,0,0,0,0,0,0,0,0,0,0,0,0,0,0,0,0,0,0,0,0,0,0,0,0,0,0,0,0,0,0,0,0,0,0,0,0,0,0,0,0,0,0,0,0,0,0,0,0,0,0,0,0,284,0,0,0,0,0,0,0,0,0,0,0,0,0,0,0,0,1,0,0,0,0,0,0,0,0,924,0,0,0,0,0,38,0,0,0,0,0,0,0,0,0,35,0,0,100,0,0,163,0,0,0,0,0,0,0,0,6,0,15,0,0,0,0,0,0,0,0,0,0,0,0,0,0,0,0,0,0,0,0,0,0,0,0,0,0,0,0,0,0,0,0,0,0,0,0,0,0,0,0,0,0,0,0,0,0,0,0,0,0,0,0,0,0,0,0,0,0,0,0,0,0,0,0,0,0,0,0,0,0,0,0,0,0,0,0,0,0,0,0,0,0,0,0,0,0,0,0,0,0,0,0,0,0,0,0,0,0,0,0,0,0,0,0,0,0,0,0,0,0,0,0,0,0,0,0,0,0,0,0,0,0,0,0,0,0,0,0,0,0,0,0,0,0,0
SLCO1A2,958,0,3314,0,5,0,203,0,37,48,611,0,0,0,0,11,328,2,743,636,378,87,0,921,5,31,709,0,71,994,182,996,0,0,0,0,0,0,0,0,0,0,0,0,0,0,192,3,0,0,263,0,3,0,0,0,0,0,0,0,0,0,0,0,0,0,0,0,0,0,0,0,0,0,0,0,0,0,0,0,0,0,0,0,0,0,0,0,0,0,0,0,0,0,0,0,0,0,0,0,0,0,0,0,0,5,0,0,0,0,0,0,0,0,0,0,0,0,0,0,0,0,1068,0,106,0,0,0,0,0,0,0,0,0,0,0,0,0,0,0,0,0,0,0,0,0,0,42,0,1,0,0,0,0,0,1,0,0,0,0,0,0,0,0,0,0,0,0,0,0,0,1,0,0,0,0,0,0,0,0,0,0,0,0,0,0,0,0,0,0,0,0,0,0,0,0,50,0,0,0,0,0,0,0,0,0,0,0,0,0,0,0,0,0,6,0,0,1094,950,1,224,0,146,752,0,2,34,19,89,194,1,2,0,0,0,12,4,40,32,0,0,843,0,0,0,0,0,0,157,479,0,0,91,95,587,0,0,0,0,2357,0,0,0,0,2,19,0,0,0,492,0,26,0,0,0,0,0,0,0,0,0,1,0,0,167,0,41,0,31,0,0,86,0,536,0,0,17,0,0,0,0,0,82,0,0,0,1,0,17,15,0,0,0,0,0,0,0,0,0,0,0,0,0,0,0,0,0,0,0,0,0,0,0,0,0,0,0,0,0,0,0,0,0,0,0,0,0,0,0,0,0,0,0,0,0,0,0,0,0,0,0,0,0,0,0,0,0,0,0,0,0,0,0,0,0,0,0,0,0,0,0,0,0,0,0,0,0,0,0,0,0,0,0,0,0,0,0,0,0,0,0,0,0,0,0,0,0,0,0,0,0,0,0,0,0,0,0,0,0,0,0,0,0,0,0,0,0,0,0,0,0,0,0,0,0,0,0,0,0,0,0,0,0,0,0,0,0,0,0,0,0,0,0,1,0,0,0,0,0,0,0,0,0,0,0,0
SNAP25,0,2028,89,572,1467,5,247,23,433,92,244,380,1862,2068,120,1080,1028,637,0,0,44,1,334,35,3302,605,13,544,2,0,31,0,17,0,164,54,234,130,0,0,0,1806,49,391,7,203,395,0,0,0,257,0,0,9,0,0,0,0,661,2016,1099,9,571,0,1197,122,1208,8,1047,1006,90,89,336,6,701,2405,196,54,720,478,88,1410,1,678,296,1228,1349,2186,48,2736,376,3558,5868,1066,3,4562,1361,12,3,238,6322,48,1591,6395,17,187,5059,883,79,126,73,5720,134,576,1268,2156,2305,407,492,1068,258,73,0,0,0,0,0,0,0,16,0,2011,26,1,712,73,65,955,3111,9,1544,814,287,3011,379,0,0,625,2358,0,0,1035,179,440,210,111,0,2718,3,4914,21,6313,1300,928,296,143,3037,394,889,5294,5221,1297,1,2382,1017,813,870,15,9,1220,17,4367,128,0,1580,3,4549,1863,2,0,0,62,5253,4,1,8,27,0,1,1754,1,0,0,5079,1703,1342,1,0,7,1797,0,0,1,1774,0,67,1375,16,823,3362,1355,4,2,14,760,0,0,38,67,418,948,0,1834,1699,1493,2851,925,2346,29,1598,636,0,1939,605,113,0,0,0,0,1,513,0,0,0,0,0,1755,2033,2026,1905,255,3,0,1457,215,6,1298,274,452,223,3479,0,1146,106,1003,601,2561,3844,803,98,16,736,2472,235,0,993,1136,2130,208,2909,0,246,914,0,366,1752,1,52,2019,1838,1406,2356,240,14,1906,2042,1468,115,332,0,452,654,20,0,0,7,0,0,0,0,0,1771,0,342,1008,0,0,354,0,192,0,0,149,4,2,6,1,2,1,0,0,25,0,0,1,0,0,0,2,1,66,0,0,0,0,0,595,0,0,501,1,187,0,835,219,0,646,0,79,39,0,0,148,53,0,439,8,152,473,0,16,188,290,168,514,95,155,69,62,175,0,57,3,25,0,557,10,132,134,0,0,547,0,12,0,0,532,313,0,195,27,77,234,0,0,0,454,163,0,102,302,109,329,1,50,0,39,222,0,0,75,757,192,0,50,521,80,11,390,0,0,0,65,64,0,250,0,187,740,1272,174,589,481,1,0,1,0,29,0,1,415,364,103,33,3,0
SOX11,4,0,0,0,0,46,0,0,25,0,0,8,22,89,0,0,31,1,0,0,9,0,117,0,243,33,35,203,0,0,0,0,6,1178,0,0,220,166,0,0,0,0,88,0,9,129,46,0,0,0,5,125,0,10,0,0,0,117,31,269,2,0,0,1,0,0,0,1,0,8,76,0,38,0,166,241,0,86,1,2,320,120,0,0,0,70,0,11,0,0,0,0,0,0,0,0,569,0,0,17,0,43,280,412,0,3,24,0,0,0,0,104,19,0,0,18,0,0,77,166,132,1,0,0,0,1,0,1,1,2,1,787,1994,76,18,0,0,0,703,0,0,0,0,0,0,0,0,0,5,0,0,104,1,0,361,0,0,30,0,0,0,5,0,16,8,172,0,1,0,810,0,1,0,37,0,20,0,0,0,0,0,64,0,0,0,0,0,103,0,0,0,0,0,0,0,0,0,0,0,0,0,1,0,0,0,0,0,0,0,125,0,0,1,0,0,0,0,0,0,5,0,0,0,0,0,0,0,0,0,1,28,0,0,1,667,5,1,13,0,336,0,0,93,0,12,0,0,0,0,46,29,0,0,75,0,0,105,0,316,0,153,609,0,174,0,0,0,0,25,0,140,0,0,0,53,126,564,107,0,111,0,51,0,701,0,54,428,371,0,5,0,1,0,0,116,124,0,0,244,0,0,56,0,0,151,99,252,5,691,0,1,367,421,3,1,3,0,3,1,3,1,285,0,0,0,3,0,3,1,2,1,1,4618,2605,8365,3511,12719,2063,1278,677,4656,8300,2286,752,3737,7558,5573,4389,6253,4690,5983,5364,5404,6326,6797,10201,11199,7208,4857,2309,6184,6488,3306,4119,4047,4011,5231,744,1111,2071,670,433,2859,2405,2225,1274,2859,1627,1242,3366,404,429,2379,4074,5800,2408,2857,478,172,2955,5459,818,3255,643,237,3346,1254,1407,5043,343,2455,1659,3753,2711,5224,1744,4701,11807,5589,3883,1151,692,1847,2346,6048,2561,2647,3725,2370,1912,1932,3588,2990,2578,1755,4182,539,3595,1744,3507,2417,3840,3212,3068,63,3820,6539,252,715,1032,3324,1634,504,310,2643,1063,106,1155,2170,1500,2543,1038,2389,498,505,886,1788,582,3923,1912,2279,744,1038,1034,1015,5547
SOX4,0,284,0,383,4,24,0,0,0,31,0,0,603,3,0,12,2,0,0,0,0,0,928,0,4,0,0,0,0,0,0,17,37,198,0,830,890,720,0,0,0,0,10,6,40,317,0,4798,0,0,3,664,363,59,1,5,7,526,0,184,0,0,0,0,178,0,23,0,85,16,0,24,0,11,80,1656,10,118,9,0,145,247,0,94,0,125,413,112,0,176,7,8,245,419,0,0,148,0,0,0,4,1517,269,0,0,2,332,57,0,265,0,0,0,0,0,0,132,2,0,111,402,0,2,2,404,2,0,1,8,1,2,507,923,104,75,912,78,215,275,111,201,3,170,522,25,4,5,41,449,6,3,222,4,10,44,25,46,21,56,8,1,797,221,0,0,2,2,639,2,213,2,0,96,1,77,2,51,1,5,2,1,5,7,107,10,8,15,9,1069,77,2,782,1622,0,20,4,243,9,10,7,16,16,26,6,640,63,10,20,69,723,5,3,73,376,0,119,0,0,330,0,434,17,67,433,721,91,0,1198,153,423,580,0,1114,0,13,0,1,678,0,736,379,279,0,3,862,1,636,0,196,0,156,0,0,0,0,1501,242,1,275,0,476,1491,277,358,31,1,0,161,197,1,496,56,6,145,183,0,26,1,0,13,0,44,1,789,0,9,22,149,1,179,2347,2,69,0,2187,177,0,1,10,244,5,299,0,0,0,180,388,1128,737,13,446,738,770,1,0,1,22,1,1,2,0,3,1,40,69,347,0,1,1,1,213,1,3438,3559,5226,1609,9677,1852,3953,885,4527,7659,581,1858,3055,5564,3426,2656,5936,2932,5034,5728,7400,5800,2638,6961,9859,4214,3570,4471,6477,9011,836,1638,2053,4829,735,4406,3102,2453,1260,22,2463,1075,2,3062,753,4830,2744,2943,1565,3793,5305,4388,2232,4552,858,2556,1365,1814,7986,2496,3585,1808,2802,4484,2785,476,6819,2506,1187,6020,1850,2745,4848,5797,7152,8317,6752,4114,2115,2705,6172,6437,3422,644,2574,3452,11475,6281,3429,4349,6104,2238,621,2865,1099,6113,2200,4272,4288,5059,1745,3058,2404,7741,8011,1923,4822,5544,5237,2660,2629,535,2161,1260,19,3461,3869,2589,2277,102,6454,3348,859,5099,1881,2652,6451,4261,5630,2874,1125,2397,2732,6144
SYNPR,0,1121,9,69,0,0,0,65,69,2,0,676,152,29,0,54,292,1078,0,0,5,13,0,0,1967,51,0,32,0,0,0,0,425,0,45,0,0,0,0,0,0,492,0,0,0,0,0,0,0,0,0,0,0,0,0,0,0,0,30,2195,0,0,168,0,1332,306,0,0,190,829,0,16,130,0,165,64,0,80,161,161,66,1003,0,148,420,1323,930,924,67,1199,0,574,2659,1757,0,1914,2389,75,0,82,4677,0,751,0,0,153,925,0,0,2806,0,0,652,35,1593,4672,2258,926,414,613,123,0,0,0,0,0,0,0,0,0,111,3,0,0,1868,6,15,1071,2103,767,499,917,1022,4632,1562,0,0,0,1547,0,0,585,221,0,78,0,0,2238,0,1,0,9,2234,2707,162,57,1612,0,183,486,552,15,0,233,0,408,1353,67,0,0,0,1625,0,0,96,0,716,206,0,0,1,2,0,0,0,1,0,0,0,2265,0,0,0,32,1972,693,1150,0,0,2470,0,0,0,5,0,190,915,0,0,940,349,0,0,0,106,0,0,0,3,124,2008,0,827,161,617,1901,518,0,0,38,791,0,2082,533,1522,0,0,2,0,0,0,0,0,0,0,0,352,1,689,408,158,98,1,0,1024,657,708,315,164,176,249,136,1034,27,477,7,1157,4,303,43,348,65,60,0,54,651,45,178,0,0,1,2,2004,5,1247,250,4,0,416,135,1188,2,0,2,288,487,1294,0,0,0,316,679,0,0,0,0,0,0,0,0,0,0,0,163,312,0,14,0,0,0,0,0,0,0,0,0,0,0,0,0,0,0,0,0,0,0,0,0,0,0,0,0,0,0,1,0,0,0,0,0,0,0,0,0,0,0,0,0,291,0,0,0,0,0,0,0,0,0,0,0,0,0,0,0,0,0,0,0,0,0,0,1,0,0,0,0,0,0,0,0,0,0,0,0,0,0,0,0,0,0,1504,0,0,0,0,0,0,0,0,0,0,0,0,0,0,0,0,0,0,0,0,0,0,0,0,0,0,0,0,0,0,0,0,0,0,0,0,0,0,0,0,1223,0,0,0,0,0,0,0,0,0,0,0,0,0,0
TMEM130,1,0,0,0,1,2,1,0,0,0,0,0,7,11,0,13,1,8,0,0,1,0,0,0,2,3,0,7,0,0,0,0,0,0,2,15,0,0,0,0,0,22,0,0,0,2,0,0,0,0,0,19,0,0,0,0,0,0,4,328,0,0,99,0,455,0,346,0,75,24,3,10,99,2,17,360,0,1,24,103,265,233,0,18,2,56,71,149,129,705,9,192,256,228,0,701,173,40,0,4,264,0,53,80,0,1,360,65,0,244,0,259,27,20,239,59,128,1,0,193,171,0,0,0,0,0,0,1,0,0,0,108,8,0,124,0,0,476,224,12,27,123,656,426,416,0,0,0,581,1,0,21,0,0,10,0,0,246,0,759,0,665,321,360,117,2,145,16,10,204,1159,51,0,389,0,169,247,34,0,0,0,159,7,0,231,0,323,19,0,1,0,46,390,0,0,12,0,0,0,8,0,0,0,471,277,2,47,0,0,30,59,0,2,190,0,0,112,0,0,174,168,0,0,0,825,8,1,1,1,1,1026,2,721,98,14,301,24,30,1,169,120,0,13,16,52,0,0,0,0,0,32,0,0,0,0,0,106,205,121,0,3,43,0,78,121,0,7,41,1,3,75,0,150,42,182,3,158,27,240,223,38,1,430,8,0,177,337,65,1,129,0,0,650,0,161,74,1,1,310,111,1,225,0,0,42,93,142,2,0,0,29,134,0,0,0,0,0,0,0,0,0,57,0,0,55,0,1,36,0,11,0,0,0,0,0,0,0,0,0,0,0,0,0,0,0,0,0,0,0,0,0,0,0,0,0,0,0,0,0,0,0,0,0,0,0,0,0,8,0,0,0,0,0,156,0,0,7,35,38,0,103,17,0,0,0,0,0,11,0,0,0,0,0,6,35,0,0,0,0,5,0,0,0,0,0,0,0,553,108,0,0,0,17,0,0,0,0,0,0,0,4,0,0,0,0,0,0,0,0,0,0,0,1,0,0,0,0,0,12,134,0,0,0,0,0,0,0,0,0,0,0,32,0,0,0,0,0,13,0,0,0,0,0,0,0,0
TMSB15A,0,0,0,0,0,0,0,0,0,0,0,0,0,0,0,0,0,0,0,0,0,0,0,0,0,0,0,0,0,0,0,0,0,0,0,0,0,0,0,0,0,0,0,0,0,0,0,0,0,0,0,0,0,0,0,0,0,0,0,0,0,0,0,0,0,0,0,0,0,5,0,0,0,0,0,0,0,0,0,0,0,0,0,0,0,0,0,0,0,0,0,0,0,0,0,0,18,0,0,0,0,0,0,0,0,0,0,0,0,0,0,0,0,0,0,0,0,0,0,0,0,0,0,0,0,0,0,0,0,0,0,0,225,0,0,0,0,0,0,0,0,0,0,0,0,0,0,0,0,0,0,0,0,0,0,0,0,0,0,0,0,0,0,0,0,0,0,0,0,0,0,0,0,0,0,0,0,0,0,0,2,0,0,0,0,0,0,0,0,0,0,0,0,0,0,0,0,0,0,0,0,0,0,0,0,0,0,0,0,0,0,0,0,0,0,0,0,0,0,0,0,0,0,0,0,0,0,0,0,0,0,0,0,0,0,0,0,0,0,0,0,0,0,0,0,0,0,0,0,0,0,0,0,0,0,0,0,0,0,0,0,0,0,0,0,0,3,0,0,0,0,0,0,0,0,0,0,0,0,0,0,0,0,0,0,0,0,0,0,0,0,0,0,0,0,0,0,0,0,13,0,0,0,0,0,0,0,0,0,0,0,0,0,0,0,0,0,0,0,0,0,0,0,0,0,0,0,0,0,0,0,0,23,50,0,65,117,0,211,77,16,0,86,0,114,0,8,14,11,74,0,4,0,36,0,0,101,96,66,80,185,0,105,14,129,1,362,101,17,40,23,26,243,199,13,99,141,149,207,0,63,12,188,23,65,227,56,4,0,171,175,8,66,0,12,27,0,0,142,19,0,4,0,3,23,67,34,0,150,0,88,82,74,5,0,0,299,17,29,0,15,137,0,6,84,25,259,49,122,0,5,0,53,309,0,71,3,68,49,217,106,339,82,91,44,191,593,120,42,215,0,72,38,2,416,4,199,72,48,70,138,176,11,592,262,73
TNR,0,0,4,0,3,8,0,0,0,0,0,0,0,7,0,0,4,8,0,0,0,0,45,0,0,2,0,0,0,0,0,0,3,54,0,61,186,120,0,0,26,0,58,2,6,109,333,1,0,0,161,20,0,3,0,0,0,20,0,4,0,0,0,0,0,148,20,0,0,0,42,0,0,19,0,0,46,0,2,0,0,57,0,0,0,161,23,0,0,19,117,207,0,0,0,0,0,0,0,0,27,0,61,0,0,7,0,0,0,0,0,75,0,0,0,0,0,0,0,33,0,0,0,0,0,0,0,0,0,0,0,0,0,0,1,0,0,0,0,0,0,0,0,58,0,0,0,0,39,0,0,14,1,0,0,0,0,0,0,0,0,137,0,0,0,1,0,0,0,0,120,0,0,1,0,0,0,0,0,0,0,0,0,0,0,0,0,0,0,0,0,0,36,0,0,99,0,0,0,0,0,0,0,406,22,1,30,0,0,36,0,0,0,1,0,0,22,0,0,0,10,0,0,0,0,0,0,0,0,0,0,0,0,0,0,0,0,0,0,0,0,0,0,0,0,1,0,0,0,0,0,0,0,0,0,0,0,67,0,0,147,242,0,0,6,0,0,0,6,0,77,0,9,154,47,3,0,0,0,205,0,0,0,46,0,42,1,0,0,0,24,1,31,0,51,0,0,0,0,0,0,18,0,0,0,10,2,523,190,0,0,373,1209,0,0,0,0,0,0,0,0,16,0,0,16,0,0,0,0,0,0,0,0,0,0,0,0,0,0,0,0,0,0,0,0,0,0,0,0,0,0,0,0,0,0,0,0,0,0,0,0,0,0,0,0,0,0,38,0,0,0,0,1,0,0,0,0,0,0,0,0,0,0,0,0,0,0,0,0,50,0,0,0,0,0,0,0,0,0,0,0,0,0,0,0,0,0,0,0,0,0,0,5,0,0,0,0,0,0,0,0,0,0,0,0,0,0,7,0,0,0,0,0,0,0,0,0,44,14,0,0,0,0,0,0,0,0,0,0,0,0,0,0,0,22,37,0,0,0,0,0,0,0,0,0,0
TUBA1A,439,353,111,126,134,417,1026,26,698,860,872,94,1038,104,192,369,405,40,981,662,961,1165,182,310,846,178,1137,357,576,553,696,1350,331,1,19,232,111,592,0,176,36,344,251,25,4,119,438,172,0,5,55,70,705,179,0,0,372,0,11,1589,0,91,136,0,77,3,128,4,11,440,0,5,107,490,9,2313,0,12,291,2,0,416,0,1,188,371,816,1224,155,1434,70,944,724,1,1086,265,372,19,0,11,183,216,731,593,89,5,1435,0,214,82,336,767,4,233,128,1466,2190,469,10,210,608,1,77,13,26,5,0,0,2,3,4,616,830,8,307,257,1026,2663,5081,296,518,660,1765,3224,1884,49,139,3045,3285,822,568,664,471,213,208,1,100,1575,1084,12177,1,2003,4537,1659,6,65,2153,109,2,1090,4207,10,109,3084,495,211,1748,67,12,641,589,2967,406,421,218,135,1782,202,16,323,460,0,1907,312,3362,5,617,1,0,4205,2321,1,0,1403,1737,1902,269,628,1420,4541,965,44,1,480,1085,1,344,2598,2,1372,1111,2,366,410,302,408,1115,1,262,746,661,0,880,192,2236,1649,486,188,505,506,556,598,194,39,1860,0,344,30,5623,1304,736,0,1234,981,198,109,592,214,671,3861,711,1960,2282,193,88,86,1017,801,366,1394,2625,395,24,2001,640,270,1120,1065,0,387,147,203,267,0,3072,358,2915,531,4477,664,3876,3270,545,800,2059,1047,4437,838,61,2383,254,483,2598,175,869,266,912,497,2870,4460,1235,1745,1412,1,2,0,63,6,1,17,1,44,0,48,1326,17,0,0,155,523,516,1,3097,2229,1385,2587,1400,2125,205,1226,1359,5373,2723,741,5268,2644,2485,1603,1414,1064,2539,1998,1763,2848,4148,3787,6133,1657,8269,2936,14991,3392,6228,3103,9643,4875,11087,7039,1962,12571,5503,1777,8590,6881,639,8334,7573,5064,5210,5634,1806,4648,10001,7396,10935,3857,9221,3422,3428,7987,6996,759,7753,3621,3729,10393,1473,6627,5741,3909,1265,10961,6532,1230,6111,2896,12829,11205,5443,11357,952,3104,3021,3802,7109,297,8545,3172,4326,863,6075,6881,5390,2077,3261,4405,1708,7747,1563,9162,164,6547,2819,4351,3405,8564,9754,1567,4198,4799,2261,3603,4140,6829,2223,2955,2998,3832,3562,3788,3972,6533,3689,1770,1843,1804,1328,2395,887,1202,2024,5073,3721,5091,7670,2438
TYROBP,0,0,0,0,0,0,0,0,0,0,0,0,0,0,0,0,0,0,0,0,0,1,0,0,0,0,0,0,0,0,0,0,13,0,9,0,0,0,0,6,0,0,2,0,0,0,0,0,20,3,0,0,0,11,2,6,3,0,0,0,0,0,0,107,0,0,0,0,0,0,0,0,0,0,10,0,0,0,0,0,0,0,0,0,0,0,0,0,0,0,0,0,0,0,0,0,0,0,0,0,0,0,0,1,0,0,0,0,0,0,0,0,0,0,0,0,0,0,0,0,0,0,0,236,0,127,22,0,6,0,0,0,0,0,0,0,0,0,0,0,0,0,0,0,0,0,0,0,0,0,0,0,0,0,0,0,0,0,0,0,0,0,0,0,0,0,0,0,0,0,0,0,0,0,0,0,0,0,0,0,0,0,0,0,0,0,0,0,0,0,0,0,0,0,0,0,0,0,0,0,0,0,0,0,0,0,185,0,0,0,0,0,0,0,0,0,0,0,0,0,0,0,0,0,0,0,0,0,0,0,0,0,0,0,0,0,0,0,0,0,0,0,0,0,0,147,0,0,0,0,0,0,0,0,0,0,0,0,0,0,0,0,0,0,74,0,0,0,0,0,0,0,0,0,0,0,0,51,12,0,0,0,0,0,0,0,0,0,0,0,0,0,0,0,0,0,0,0,0,0,0,0,0,0,0,0,0,0,0,0,0,0,0,0,0,0,0,12,1,0,0,0,0,0,0,0,0,0,0,0,0,0,0,0,0,0,0,0,0,0,0,0,0,0,0,0,0,0,0,0,0,0,0,0,0,0,0,0,0,0,0,0,0,0,0,0,0,0,0,0,0,0,0,0,1,0,0,0,0,0,0,0,0,0,0,0,0,0,0,0,0,0,0,0,0,0,0,0,0,0,0,0,0,0,0,0,0,0,0,0,0,0,0,0,0,0,0,0,0,0,0,0,0,0,0,0,0,0,0,0,0,0,0,0,0,0,0,0,0,0,0,0,0,0,0,0,0,0,0,0,0,0,0,0,0,0,0,0,0,0,0,0,0,0,0,0
UBE2C,0,0,0,0,0,0,0,0,0,0,0,0,0,0,0,0,0,0,0,0,0,0,0,0,0,0,0,0,0,0,0,0,0,0,0,0,0,0,0,0,0,0,0,0,0,0,0,0,0,0,0,0,0,0,0,0,0,0,0,0,0,0,0,0,0,0,0,0,0,0,0,0,0,0,0,0,0,0,0,0,0,0,0,0,0,0,0,0,0,0,0,0,0,0,0,0,0,0,0,0,0,0,0,0,0,2,0,0,0,0,0,0,0,0,0,0,0,0,0,0,0,0,0,0,0,0,0,0,0,1,0,0,0,0,0,0,0,0,0,0,0,0,0,0,0,0,0,0,0,0,0,0,0,0,0,0,0,0,0,0,0,0,0,0,0,0,0,0,0,0,0,0,0,0,0,0,0,0,0,0,0,0,0,0,0,0,0,0,0,0,0,0,0,0,0,0,0,0,0,0,0,0,0,0,0,0,0,0,0,0,0,0,0,0,0,0,0,0,0,0,0,0,0,0,0,0,0,0,0,0,0,0,0,0,0,0,0,0,0,0,0,0,0,0,0,0,1,0,0,0,0,0,0,0,0,0,0,0,0,0,0,0,0,0,0,0,0,0,0,0,0,0,0,0,0,0,0,0,0,0,0,9,0,0,0,0,0,0,0,0,0,0,0,0,0,0,0,0,0,0,0,0,0,0,0,0,0,0,0,40,0,0,0,0,0,0,0,0,0,0,0,0,0,0,0,0,0,0,0,0,0,0,141,0,0,75,0,0,0,0,0,0,0,0,800,0,0,16,220,0,0,290,0,459,0,0,0,0,0,0,0,0,0,0,0,0,0,0,0,0,0,114,0,0,0,0,0,0,0,0,0,0,0,0,0,0,0,0,0,0,0,0,0,0,0,0,0,0,0,0,0,0,0,0,0,0,0,0,0,0,0,0,0,0,0,0,0,0,0,0,0,0,0,0,0,0,0,0,0,0,0,0,0,0,0,0,0,0,0,0,0,0,0,0,0,0,165,0,0,0,0,0,0,0,8,0,0,0,0,0,0,0,0,0,0,0
UGT8,164,0,1026,0,19,12,407,0,33,92,760,0,13,0,3,452,65,10,1820,961,753,238,192,90,10,49,1170,0,479,158,505,909,5,0,0,4,0,2,0,0,0,0,132,0,0,18,138,17,0,0,3,348,424,0,0,0,0,0,0,0,0,0,0,0,0,0,0,0,0,0,0,0,0,75,0,0,0,0,0,0,0,0,0,0,0,0,0,0,0,0,0,0,0,0,0,0,0,0,0,0,0,0,0,0,0,1,0,0,0,0,0,0,0,0,0,0,0,0,0,0,0,0,0,0,0,0,0,0,0,0,0,0,0,0,0,0,0,0,0,0,0,0,0,0,0,0,0,662,0,0,0,0,0,0,0,0,0,0,0,0,0,0,0,0,0,0,0,0,0,0,0,0,0,0,0,0,0,17,0,0,0,0,0,0,1,0,0,0,0,0,0,1,0,0,0,0,0,0,0,0,0,0,0,0,0,0,3,0,0,0,0,0,0,0,3,0,0,337,0,0,324,0,226,0,0,0,657,0,0,0,0,0,0,0,0,0,4,0,44,0,0,401,0,0,38,0,0,8,1767,594,0,0,366,263,688,0,0,0,0,2161,12,311,821,0,0,0,2,0,0,279,0,128,0,6,0,0,1,0,61,58,0,0,0,2,398,0,97,0,254,0,635,490,0,1233,1,0,158,0,0,0,0,0,1,0,0,0,0,0,600,1068,0,9,0,0,0,0,0,0,0,0,0,0,0,0,0,0,0,0,0,0,0,0,0,0,0,0,0,0,0,0,0,0,0,0,0,0,0,0,0,0,0,0,0,0,0,0,0,0,0,0,0,0,22,0,0,0,0,0,0,0,0,24,0,0,0,0,0,0,0,0,0,0,0,0,0,0,0,0,0,0,0,0,0,0,0,0,1,0,0,0,0,0,0,0,0,0,0,0,0,0,0,0,0,0,0,0,0,0,0,0,0,0,0,0,0,0,0,0,0,0,0,0,0,0,0,0,0,1,0,0,0,0,0,0,0,0,0,0,0,0,0,0,0,0,63,0,0,0,0,0,0,0,0,0,0,0
VSNL1,0,350,275,78,285,0,0,1,63,7,0,75,119,254,0,0,42,120,0,0,27,0,245,0,268,418,0,800,0,0,0,0,10,0,26,0,0,0,0,0,0,423,0,0,0,0,0,0,0,0,0,0,0,0,0,0,0,0,70,1127,5,2,336,5,336,2,1125,0,225,2,51,48,150,1,813,181,1,2,216,435,17,574,0,240,383,479,1097,232,81,3611,508,1951,980,633,1,61,306,207,2,24,1088,0,1046,272,109,22,2736,54,0,202,475,4177,15,0,50,520,1103,389,32,1068,204,0,0,0,0,0,0,0,0,0,0,2586,0,0,83,0,0,1149,515,34,389,737,150,3211,1238,1,0,0,557,0,0,420,1,0,0,0,0,1567,1,321,74,3290,43,1249,582,2,2275,50,846,6153,4862,14,0,1,150,285,2430,350,0,134,0,1818,505,0,0,1,2241,2369,0,0,0,161,1952,1,1,0,0,0,1,3,0,4,0,1098,557,1411,234,1,0,465,1,0,0,768,0,0,1011,13,4,2894,905,0,0,0,382,0,0,0,0,43,455,1,1514,1868,93,0,193,662,194,188,576,0,1870,1233,443,0,0,0,0,0,49,0,0,0,0,0,127,566,1091,861,6,188,1,739,68,601,1075,202,35,356,807,156,385,88,438,550,719,2733,415,1026,169,302,414,0,303,548,866,1481,0,0,0,0,665,180,536,1410,9,1,1194,257,1162,0,0,0,733,1314,359,0,0,0,178,501,0,0,0,0,0,0,0,0,0,569,0,0,1075,0,0,61,0,642,1,0,0,0,0,0,0,1,0,0,0,1,0,0,0,0,0,0,0,41,0,0,0,0,0,0,0,0,0,0,0,0,0,0,0,0,0,4,0,0,0,0,0,0,0,0,0,283,0,0,80,0,115,0,0,0,0,0,70,0,0,0,0,150,652,0,0,0,0,57,0,142,0,0,0,0,0,0,0,0,355,0,228,0,0,0,0,0,0,0,0,0,371,0,0,0,23,0,0,440,0,0,0,0,295,105,0,0,900,0,0,0,301,31,0,0,0,0,0,0,0,0,0,0,0,0,0,154,0,0,0,0,0,0,0,0
